cellId,documentId,sourceType,provenance,groundTruthRaw,modeARaw,modeBRaw,rawMatchA,rawMatchB,cerA,cerB,correctedBySecondary,resolutionMethod
bench_D02_NAM_A_PAGE1_0_0,D02_NAM_A_PAGE1,REAL,SOURCE_IMAGE_VERIFIED,"STT No","STT No","STT No",true,true,0.0000,0.0000,false,DETERMINISTIC
bench_D02_NAM_A_PAGE1_0_1,D02_NAM_A_PAGE1,REAL,SOURCE_IMAGE_VERIFIED,"NGÀY GD Booking date(*)","NGÀY GD Booking date(*)","NGÀY GD Booking date(*)",true,true,0.0000,0.0000,false,DETERMINISTIC
bench_D02_NAM_A_PAGE1_0_2,D02_NAM_A_PAGE1,REAL,SOURCE_IMAGE_VERIFIED,"NGÀY GIÁ TRỊ Value date( ** )","NGÀY GIÁ TRỊ Value date( ** )","NGÀY GIÁ TRỊ Value date( ** )",true,true,0.0000,0.0000,false,DETERMINISTIC
bench_D02_NAM_A_PAGE1_0_3,D02_NAM_A_PAGE1,REAL,SOURCE_IMAGE_VERIFIED,"SỐ GIAO DỊCH Transaction No","SỐ GIAO DỊCH Transaction No","SỐ GIAO DỊCH Transaction No",true,true,0.0000,0.0000,false,DETERMINISTIC
bench_D02_NAM_A_PAGE1_0_4,D02_NAM_A_PAGE1,REAL,SOURCE_IMAGE_VERIFIED,"NỘI DUNG Description","NỘI DUNG Description","NỘI DUNG Description",true,true,0.0000,0.0000,false,DETERMINISTIC
bench_D02_NAM_A_PAGE1_0_5,D02_NAM_A_PAGE1,REAL,SOURCE_IMAGE_VERIFIED,"PS NỢ Debit","PS NỢ Debit","PS NỢ Debit",true,true,0.0000,0.0000,false,DETERMINISTIC
bench_D02_NAM_A_PAGE1_0_6,D02_NAM_A_PAGE1,REAL,SOURCE_IMAGE_VERIFIED,"PS CÓ Credit","PS CÓ Credit","PS CÓ Credit",true,true,0.0000,0.0000,false,DETERMINISTIC
bench_D02_NAM_A_PAGE1_0_7,D02_NAM_A_PAGE1,REAL,SOURCE_IMAGE_VERIFIED,"Số dư Current Balance( *** )","Số dư Current Balance( *** )","Số dư Current Balance( *** )",true,true,0.0000,0.0000,false,DETERMINISTIC
bench_D02_NAM_A_PAGE1_1_0,D02_NAM_A_PAGE1,REAL,SOURCE_IMAGE_VERIFIED,"","","",true,true,0.0000,0.0000,false,DETERMINISTIC
bench_D02_NAM_A_PAGE1_1_1,D02_NAM_A_PAGE1,REAL,SOURCE_IMAGE_VERIFIED,"","","",true,true,0.0000,0.0000,false,DETERMINISTIC
bench_D02_NAM_A_PAGE1_1_2,D02_NAM_A_PAGE1,REAL,SOURCE_IMAGE_VERIFIED,"","","",true,true,0.0000,0.0000,false,DETERMINISTIC
bench_D02_NAM_A_PAGE1_1_3,D02_NAM_A_PAGE1,REAL,SOURCE_IMAGE_VERIFIED,"","","",true,true,0.0000,0.0000,false,DETERMINISTIC
bench_D02_NAM_A_PAGE1_1_4,D02_NAM_A_PAGE1,REAL,SOURCE_IMAGE_VERIFIED,"Số dư đầu kỳ/Opening balance:","Số dư đầu kỳ/Opening balance:","Số dư đầu kỳ/Opening balance:",true,true,0.0000,0.0000,false,DETERMINISTIC
bench_D02_NAM_A_PAGE1_1_5,D02_NAM_A_PAGE1,REAL,CROSS_FIELD_VALIDATED,"","","",true,true,0.0000,0.0000,false,DETERMINISTIC
bench_D02_NAM_A_PAGE1_1_6,D02_NAM_A_PAGE1,REAL,SOURCE_IMAGE_VERIFIED,"53,188","53,188","53,188",true,true,0.0000,0.0000,false,DETERMINISTIC
bench_D02_NAM_A_PAGE1_1_7,D02_NAM_A_PAGE1,REAL,CROSS_FIELD_VALIDATED,"","","",true,true,0.0000,0.0000,false,DETERMINISTIC
bench_D02_NAM_A_PAGE1_2_0,D02_NAM_A_PAGE1,REAL,SOURCE_IMAGE_VERIFIED,"1","1","1",true,true,0.0000,0.0000,false,DETERMINISTIC
bench_D02_NAM_A_PAGE1_2_1,D02_NAM_A_PAGE1,REAL,SOURCE_IMAGE_VERIFIED,"08/05/2024","08/05/2024","08/05/2024",true,true,0.0000,0.0000,false,DETERMINISTIC
bench_D02_NAM_A_PAGE1_2_2,D02_NAM_A_PAGE1,REAL,SOURCE_IMAGE_VERIFIED,"08/05/2024","08/05/2024","08/05/2024",true,true,0.0000,0.0000,false,DETERMINISTIC
bench_D02_NAM_A_PAGE1_2_3,D02_NAM_A_PAGE1,REAL,SOURCE_IMAGE_VERIFIED,"919GL3024129C4YA","919GL3024129C4YA","919GL3024129C4YA",true,true,0.0000,0.0000,false,DETERMINISTIC
bench_D02_NAM_A_PAGE1_2_4,D02_NAM_A_PAGE1,REAL,SOURCE_IMAGE_VERIFIED,"SYSTEM#[CUSTOMER_NAME_REDACTED] 042024 SDT 84932****766","SYSTEM#[CUSTOMER_NAME_REDACTED] 042024 SDT 84932****766","SYSTEM#[CUSTOMER_NAME_REDACTED] 042024 SDT 84932****766",true,true,0.0000,0.0000,false,DETERMINISTIC
bench_D02_NAM_A_PAGE1_2_5,D02_NAM_A_PAGE1,REAL,SOURCE_IMAGE_VERIFIED,"12,000","12,OOO","12,000",false,true,0.5000,0.0000,true,SECONDARY_OCR
bench_D02_NAM_A_PAGE1_2_6,D02_NAM_A_PAGE1,REAL,CROSS_FIELD_VALIDATED,"","","",true,true,0.0000,0.0000,false,DETERMINISTIC
bench_D02_NAM_A_PAGE1_2_7,D02_NAM_A_PAGE1,REAL,CROSS_FIELD_VALIDATED,"41,188","41,188","41,188",true,true,0.0000,0.0000,false,DETERMINISTIC
bench_D02_NAM_A_PAGE1_3_0,D02_NAM_A_PAGE1,REAL,SOURCE_IMAGE_VERIFIED,"2","2","2",true,true,0.0000,0.0000,false,DETERMINISTIC
bench_D02_NAM_A_PAGE1_3_1,D02_NAM_A_PAGE1,REAL,SOURCE_IMAGE_VERIFIED,"08/05/2024","08/05/2024","08/05/2024",true,true,0.0000,0.0000,false,DETERMINISTIC
bench_D02_NAM_A_PAGE1_3_2,D02_NAM_A_PAGE1,REAL,SOURCE_IMAGE_VERIFIED,"08/05/2024","08/05/2024","08/05/2024",true,true,0.0000,0.0000,false,DETERMINISTIC
bench_D02_NAM_A_PAGE1_3_3,D02_NAM_A_PAGE1,REAL,SOURCE_IMAGE_VERIFIED,"919GL3024129C4YA","919GL3024129C4YA","919GL3024129C4YA",true,true,0.0000,0.0000,false,DETERMINISTIC
bench_D02_NAM_A_PAGE1_3_4,D02_NAM_A_PAGE1,REAL,SOURCE_IMAGE_VERIFIED,"SYSTEM#[CUSTOMER_NAME_REDACTED] 042024 SDT 84932****766","SYSTEM#[CUSTOMER_NAME_REDACTED] 042024 SDT 84932****766","SYSTEM#[CUSTOMER_NAME_REDACTED] 042024 SDT 84932****766",true,true,0.0000,0.0000,false,DETERMINISTIC
bench_D02_NAM_A_PAGE1_3_5,D02_NAM_A_PAGE1,REAL,SOURCE_IMAGE_VERIFIED,"1,200","1,200","1,200",true,true,0.0000,0.0000,false,DETERMINISTIC
bench_D02_NAM_A_PAGE1_3_6,D02_NAM_A_PAGE1,REAL,CROSS_FIELD_VALIDATED,"","","",true,true,0.0000,0.0000,false,DETERMINISTIC
bench_D02_NAM_A_PAGE1_3_7,D02_NAM_A_PAGE1,REAL,CROSS_FIELD_VALIDATED,"39,988","39,988","39,988",true,true,0.0000,0.0000,false,DETERMINISTIC
bench_D02_NAM_A_PAGE1_4_0,D02_NAM_A_PAGE1,REAL,SOURCE_IMAGE_VERIFIED,"3","3","3",true,true,0.0000,0.0000,false,DETERMINISTIC
bench_D02_NAM_A_PAGE1_4_1,D02_NAM_A_PAGE1,REAL,SOURCE_IMAGE_VERIFIED,"25/05/2024","25/05/2024","25/05/2024",true,true,0.0000,0.0000,false,DETERMINISTIC
bench_D02_NAM_A_PAGE1_4_2,D02_NAM_A_PAGE1,REAL,SOURCE_IMAGE_VERIFIED,"26/05/2024","26/05/2024","26/05/2024",true,true,0.0000,0.0000,false,DETERMINISTIC
bench_D02_NAM_A_PAGE1_4_3,D02_NAM_A_PAGE1,REAL,SOURCE_IMAGE_VERIFIED,"919CV00VND 00001","919CV00VND 00001","919CV00VND 00001",true,true,0.0000,0.0000,false,DETERMINISTIC
bench_D02_NAM_A_PAGE1_4_4,D02_NAM_A_PAGE1,REAL,SOURCE_IMAGE_VERIFIED,"[CUSTOMER_NAME_REDACTED] 91902******0001","[CUSTOMER_NAME_REDACTED] 91902******0001","[CUSTOMER_NAME_REDACTED] 91902******0001",true,true,0.0000,0.0000,false,DETERMINISTIC
bench_D02_NAM_A_PAGE1_4_5,D02_NAM_A_PAGE1,REAL,CROSS_FIELD_VALIDATED,"","","",true,true,0.0000,0.0000,false,DETERMINISTIC
bench_D02_NAM_A_PAGE1_4_6,D02_NAM_A_PAGE1,REAL,SOURCE_IMAGE_VERIFIED,"19","19","19",true,true,0.0000,0.0000,false,DETERMINISTIC
bench_D02_NAM_A_PAGE1_4_7,D02_NAM_A_PAGE1,REAL,CROSS_FIELD_VALIDATED,"40,007","40,007","40,007",true,true,0.0000,0.0000,false,DETERMINISTIC
bench_D02_NAM_A_PAGE1_5_0,D02_NAM_A_PAGE1,REAL,CROSS_FIELD_VALIDATED,"4","4","4",true,true,0.0000,0.0000,false,DETERMINISTIC
bench_D02_NAM_A_PAGE1_5_1,D02_NAM_A_PAGE1,REAL,OCR_DERIVED,"27/05/2024","27/05/2024","27/05/2024",true,true,0.0000,0.0000,false,DETERMINISTIC
bench_D02_NAM_A_PAGE1_5_2,D02_NAM_A_PAGE1,REAL,OCR_DERIVED,"27/05/2024","27/05/2024","27/05/2024",true,true,0.0000,0.0000,false,DETERMINISTIC
bench_D02_NAM_A_PAGE1_5_3,D02_NAM_A_PAGE1,REAL,OCR_DERIVED,"919cs1i24148I0QB","919cs1i24148I0QB","919cs1i24148I0QB",true,true,0.0000,0.0000,false,DETERMINISTIC
bench_D02_NAM_A_PAGE1_5_4,D02_NAM_A_PAGE1,REAL,OCR_DERIVED,"[CUSTOMER_NAME_REDACTED]","[CUSTOMER_NAME_REDACTED]","[CUSTOMER_NAME_REDACTED]",true,true,0.0000,0.0000,false,DETERMINISTIC
bench_D02_NAM_A_PAGE1_5_5,D02_NAM_A_PAGE1,REAL,OCR_DERIVED,"11,000","11,000","11,000",true,true,0.0000,0.0000,false,DETERMINISTIC
bench_D02_NAM_A_PAGE1_5_6,D02_NAM_A_PAGE1,REAL,CROSS_FIELD_VALIDATED,"","","",true,true,0.0000,0.0000,false,DETERMINISTIC
bench_D02_NAM_A_PAGE1_5_7,D02_NAM_A_PAGE1,REAL,CROSS_FIELD_VALIDATED,"29,007","29,007","29,007",true,true,0.0000,0.0000,false,DETERMINISTIC
bench_D02_NAM_A_PAGE1_6_0,D02_NAM_A_PAGE1,REAL,CROSS_FIELD_VALIDATED,"5","5","5",true,true,0.0000,0.0000,false,DETERMINISTIC
bench_D02_NAM_A_PAGE1_6_1,D02_NAM_A_PAGE1,REAL,OCR_DERIVED,"31/05/2024","31/05/2024","31/05/2024",true,true,0.0000,0.0000,false,DETERMINISTIC
bench_D02_NAM_A_PAGE1_6_2,D02_NAM_A_PAGE1,REAL,OCR_DERIVED,"31/05/2024","31/05/2024","31/05/2024",true,true,0.0000,0.0000,false,DETERMINISTIC
bench_D02_NAM_A_PAGE1_6_3,D02_NAM_A_PAGE1,REAL,OCR_DERIVED,"919NAP224152TOL6","919NAP224152TOL6","919NAP224152TOL6",true,true,0.0000,0.0000,false,DETERMINISTIC
bench_D02_NAM_A_PAGE1_6_4,D02_NAM_A_PAGE1,REAL,OCR_DERIVED,"NOP TIEN-310524-21:17:17 492380","NOP TIEN-310524-21:17:17 492380","NOP TIEN-310524-21:17:17 492380",true,true,0.0000,0.0000,false,DETERMINISTIC
bench_D02_NAM_A_PAGE1_6_5,D02_NAM_A_PAGE1,REAL,CROSS_FIELD_VALIDATED,"","","",true,true,0.0000,0.0000,false,DETERMINISTIC
bench_D02_NAM_A_PAGE1_6_6,D02_NAM_A_PAGE1,REAL,OCR_DERIVED,"13,000,000","13,000,000","13,000,000",true,true,0.0000,0.0000,false,DETERMINISTIC
bench_D02_NAM_A_PAGE1_6_7,D02_NAM_A_PAGE1,REAL,CROSS_FIELD_VALIDATED,"13,029,007","13,029,007","13,029,007",true,true,0.0000,0.0000,false,DETERMINISTIC
bench_D02_NAM_A_PAGE1_7_0,D02_NAM_A_PAGE1,REAL,CROSS_FIELD_VALIDATED,"6","6","6",true,true,0.0000,0.0000,false,DETERMINISTIC
bench_D02_NAM_A_PAGE1_7_1,D02_NAM_A_PAGE1,REAL,OCR_DERIVED,"31/05/2024","31/05/2024","31/05/2024",true,true,0.0000,0.0000,false,DETERMINISTIC
bench_D02_NAM_A_PAGE1_7_2,D02_NAM_A_PAGE1,REAL,OCR_DERIVED,"31/05/2024","31/05/2024","31/05/2024",true,true,0.0000,0.0000,false,DETERMINISTIC
bench_D02_NAM_A_PAGE1_7_3,D02_NAM_A_PAGE1,REAL,OCR_DERIVED,"919ZTRF241520A6F","919ZTRF241520A6F","919ZTRF241520A6F",true,true,0.0000,0.0000,false,DETERMINISTIC
bench_D02_NAM_A_PAGE1_7_4,D02_NAM_A_PAGE1,REAL,OCR_DERIVED,"Thu vốn khế ước 0257-01/2015/919 (919LRLDVND1500044) - [CUSTOMER_NAME_REDACTED] từ TK số 91902******0001","Thu vốn khế ước 0257-01/2015/919 (919LRLDVND1500044) - [CUSTOMER_NAME_REDACTED] từ TK số 91902******0001","Thu vốn khế ước 0257-01/2015/919 (919LRLDVND1500044) - [CUSTOMER_NAME_REDACTED] từ TK số 91902******0001",true,true,0.0000,0.0000,false,DETERMINISTIC
bench_D02_NAM_A_PAGE1_7_5,D02_NAM_A_PAGE1,REAL,OCR_DERIVED,"6,940,000","6,940,000","6,940,000",true,true,0.0000,0.0000,false,DETERMINISTIC
bench_D02_NAM_A_PAGE1_7_6,D02_NAM_A_PAGE1,REAL,CROSS_FIELD_VALIDATED,"","","",true,true,0.0000,0.0000,false,DETERMINISTIC
bench_D02_NAM_A_PAGE1_7_7,D02_NAM_A_PAGE1,REAL,CROSS_FIELD_VALIDATED,"6,089,007","6,089,007","6,089,007",true,true,0.0000,0.0000,false,DETERMINISTIC
bench_D02_NAM_A_PAGE1_8_0,D02_NAM_A_PAGE1,REAL,CROSS_FIELD_VALIDATED,"7","7","7",true,true,0.0000,0.0000,false,DETERMINISTIC
bench_D02_NAM_A_PAGE1_8_1,D02_NAM_A_PAGE1,REAL,OCR_DERIVED,"31/05/2024","31/05/2024","31/05/2024",true,true,0.0000,0.0000,false,DETERMINISTIC
bench_D02_NAM_A_PAGE1_8_2,D02_NAM_A_PAGE1,REAL,OCR_DERIVED,"31/05/2024","31/05/2024","31/05/2024",true,true,0.0000,0.0000,false,DETERMINISTIC
bench_D02_NAM_A_PAGE1_8_3,D02_NAM_A_PAGE1,REAL,OCR_DERIVED,"919ZTRF241520A6H","919ZTRF241520A6H","919ZTRF241520A6H",true,true,0.0000,0.0000,false,DETERMINISTIC
bench_D02_NAM_A_PAGE1_8_4,D02_NAM_A_PAGE1,REAL,OCR_DERIVED,"Thu lãi khế ước 0257-01/2015/919 (919LRLDVND1500044) - [CUSTOMER_NAME_REDACTED] từ TK số 91902******0001","Thu lãi khế ước 0257-01/2015/919 (919LRLDVND1500044) - [CUSTOMER_NAME_REDACTED] từ TK số 91902******0001","Thu lãi khế ước 0257-01/2015/919 (919LRLDVND1500044) - [CUSTOMER_NAME_REDACTED] từ TK số 91902******0001",true,true,0.0000,0.0000,false,DETERMINISTIC
bench_D02_NAM_A_PAGE1_8_5,D02_NAM_A_PAGE1,REAL,OCR_DERIVED,"5,940,524","5,940,524","5,940,524",true,true,0.0000,0.0000,false,DETERMINISTIC
bench_D02_NAM_A_PAGE1_8_6,D02_NAM_A_PAGE1,REAL,CROSS_FIELD_VALIDATED,"","","",true,true,0.0000,0.0000,false,DETERMINISTIC
bench_D02_NAM_A_PAGE1_8_7,D02_NAM_A_PAGE1,REAL,CROSS_FIELD_VALIDATED,"148,483","148,483","148,483",true,true,0.0000,0.0000,false,DETERMINISTIC
bench_D02_NAM_A_PAGE1_9_0,D02_NAM_A_PAGE1,REAL,CROSS_FIELD_VALIDATED,"8","8","8",true,true,0.0000,0.0000,false,DETERMINISTIC
bench_D02_NAM_A_PAGE1_9_1,D02_NAM_A_PAGE1,REAL,OCR_DERIVED,"31/05/2024","31/05/2024","31/05/2024",true,true,0.0000,0.0000,false,DETERMINISTIC
bench_D02_NAM_A_PAGE1_9_2,D02_NAM_A_PAGE1,REAL,OCR_DERIVED,"31/05/2024","31/05/2024","31/05/2024",true,true,0.0000,0.0000,false,DETERMINISTIC
bench_D02_NAM_A_PAGE1_9_3,D02_NAM_A_PAGE1,REAL,OCR_DERIVED,"919ZTRF241520A6J","919ZTRF241520A6J","919ZTRF241520A6J",true,true,0.0000,0.0000,false,DETERMINISTIC
bench_D02_NAM_A_PAGE1_9_4,D02_NAM_A_PAGE1,REAL,OCR_DERIVED,"Thu lãi khế ước 0257-01/2015/919 (919LRLDVND1500044) - [CUSTOMER_NAME_REDACTED] từ TK số 91902******0001","Thu lãi khế ước 0257-01/2015/919 (919LRLDVND1500044) - [CUSTOMER_NAME_REDACTED] từ TK số 91902******0001","Thu lãi khế ước 0257-01/2015/919 (919LRLDVND1500044) - [CUSTOMER_NAME_REDACTED] từ TK số 91902******0001",true,true,0.0000,0.0000,false,DETERMINISTIC
bench_D02_NAM_A_PAGE1_9_5,D02_NAM_A_PAGE1,REAL,OCR_DERIVED,"40,574","40,574","40,574",true,true,0.0000,0.0000,false,DETERMINISTIC
bench_D02_NAM_A_PAGE1_9_6,D02_NAM_A_PAGE1,REAL,CROSS_FIELD_VALIDATED,"","","",true,true,0.0000,0.0000,false,DETERMINISTIC
bench_D02_NAM_A_PAGE1_9_7,D02_NAM_A_PAGE1,REAL,CROSS_FIELD_VALIDATED,"107,909","107,909","107,909",true,true,0.0000,0.0000,false,DETERMINISTIC
bench_D02_NAM_A_PAGE1_10_0,D02_NAM_A_PAGE1,REAL,SOURCE_IMAGE_VERIFIED,"9","9","9",true,true,0.0000,0.0000,false,DETERMINISTIC
bench_D02_NAM_A_PAGE1_10_1,D02_NAM_A_PAGE1,REAL,SOURCE_IMAGE_VERIFIED,"07/06/2024","07/06/2024","07/06/2024",true,true,0.0000,0.0000,false,DETERMINISTIC
bench_D02_NAM_A_PAGE1_10_2,D02_NAM_A_PAGE1,REAL,SOURCE_IMAGE_VERIFIED,"07/06/2024","07/06/2024","07/06/2024",true,true,0.0000,0.0000,false,DETERMINISTIC
bench_D02_NAM_A_PAGE1_10_3,D02_NAM_A_PAGE1,REAL,SOURCE_IMAGE_VERIFIED,"919GL3024159C5LZ","919GL3024159C5LZ","919GL3024159C5LZ",true,true,0.0000,0.0000,false,DETERMINISTIC
bench_D02_NAM_A_PAGE1_10_4,D02_NAM_A_PAGE1,REAL,SOURCE_IMAGE_VERIFIED,"SYSTEM#[CUSTOMER_NAME_REDACTED] 052024 SDT 84932****766","SYSTEM#[CUSTOMER_NAME_REDACTED] 052024 SDT 84932****766","SYSTEM#[CUSTOMER_NAME_REDACTED] 052024 SDT 84932****766",true,true,0.0000,0.0000,false,DETERMINISTIC
bench_D02_NAM_A_PAGE1_10_5,D02_NAM_A_PAGE1,REAL,SOURCE_IMAGE_VERIFIED,"12,000","12,000","12,000",true,true,0.0000,0.0000,false,DETERMINISTIC
bench_D02_NAM_A_PAGE1_10_6,D02_NAM_A_PAGE1,REAL,CROSS_FIELD_VALIDATED,"","","",true,true,0.0000,0.0000,false,DETERMINISTIC
bench_D02_NAM_A_PAGE1_10_7,D02_NAM_A_PAGE1,REAL,CROSS_FIELD_VALIDATED,"95,909","95,909 A","95,909",false,true,0.3333,0.0000,true,SECONDARY_OCR
bench_D02_NAM_A_PAGE1_11_0,D02_NAM_A_PAGE1,REAL,CROSS_FIELD_VALIDATED,"10","10","10",true,true,0.0000,0.0000,false,DETERMINISTIC
bench_D02_NAM_A_PAGE1_11_1,D02_NAM_A_PAGE1,REAL,OCR_DERIVED,"07/06/2024","07/06/2024","07/06/2024",true,true,0.0000,0.0000,false,DETERMINISTIC
bench_D02_NAM_A_PAGE1_11_2,D02_NAM_A_PAGE1,REAL,OCR_DERIVED,"07/06/2024","07/06/2024","07/06/2024",true,true,0.0000,0.0000,false,DETERMINISTIC
bench_D02_NAM_A_PAGE1_11_3,D02_NAM_A_PAGE1,REAL,OCR_DERIVED,"919GL3024159C5LZ","919GL3024159C5LZ","919GL3024159C5LZ",true,true,0.0000,0.0000,false,DETERMINISTIC
bench_D02_NAM_A_PAGE1_11_4,D02_NAM_A_PAGE1,REAL,OCR_DERIVED,"SYSTEM#[CUSTOMER_NAME_REDACTED] 052024 SDT 84932****766","SYSTEM#[CUSTOMER_NAME_REDACTED] 052024 SDT 84932****766","SYSTEM#[CUSTOMER_NAME_REDACTED] 052024 SDT 84932****766",true,true,0.0000,0.0000,false,DETERMINISTIC
bench_D02_NAM_A_PAGE1_11_5,D02_NAM_A_PAGE1,REAL,OCR_DERIVED,"1,200","1,200","1,200",true,true,0.0000,0.0000,false,DETERMINISTIC
bench_D02_NAM_A_PAGE1_11_6,D02_NAM_A_PAGE1,REAL,CROSS_FIELD_VALIDATED,"","","",true,true,0.0000,0.0000,false,DETERMINISTIC
bench_D02_NAM_A_PAGE1_11_7,D02_NAM_A_PAGE1,REAL,CROSS_FIELD_VALIDATED,"94,709","94,709","94,709",true,true,0.0000,0.0000,false,DETERMINISTIC
bench_D02_NAM_A_PAGE1_12_0,D02_NAM_A_PAGE1,REAL,SOURCE_IMAGE_VERIFIED,"11","11","11",true,true,0.0000,0.0000,false,DETERMINISTIC
bench_D02_NAM_A_PAGE1_12_1,D02_NAM_A_PAGE1,REAL,SOURCE_IMAGE_VERIFIED,"25/06/2024","25/06/2024","25/06/2024",true,true,0.0000,0.0000,false,DETERMINISTIC
bench_D02_NAM_A_PAGE1_12_2,D02_NAM_A_PAGE1,REAL,SOURCE_IMAGE_VERIFIED,"25/06/2024","25/06/2024","25/06/2024",true,true,0.0000,0.0000,false,DETERMINISTIC
bench_D02_NAM_A_PAGE1_12_3,D02_NAM_A_PAGE1,REAL,SOURCE_IMAGE_VERIFIED,"919ZTRF241770F2X","919ZTRF241770F2X","919ZTRF241770F2X",true,true,0.0000,0.0000,false,DETERMINISTIC
bench_D02_NAM_A_PAGE1_12_4,D02_NAM_A_PAGE1,REAL,SOURCE_IMAGE_VERIFIED,"Thu lãi khế ước 0257-01/2015/919 (919LRLDVND1500044) - [CUSTOMER_NAME_REDACTED] từ TK số 91902******0001","Thu lãi khế ước 0257-01/2015/919 (919LRLDVND1500044) - [CUSTOMER_NAME_REDACTED] từ TK số 91902******0001","Thu lãi khế ước 0257-01/2015/919 (919LRLDVND1500044) - [CUSTOMER_NAME_REDACTED] từ TK số 91902******0001",true,true,0.0000,0.0000,false,DETERMINISTIC
bench_D02_NAM_A_PAGE1_12_5,D02_NAM_A_PAGE1,REAL,SOURCE_IMAGE_VERIFIED,"44,709","44,709","44,709",true,true,0.0000,0.0000,false,DETERMINISTIC
bench_D02_NAM_A_PAGE1_12_6,D02_NAM_A_PAGE1,REAL,CROSS_FIELD_VALIDATED,"","","",true,true,0.0000,0.0000,false,DETERMINISTIC
bench_D02_NAM_A_PAGE1_12_7,D02_NAM_A_PAGE1,REAL,CROSS_FIELD_VALIDATED,"50,000","Lo ICH 50,000","50,000",false,true,1.1667,0.0000,true,SECONDARY_OCR
bench_D02_NAM_A_PAGE1_13_0,D02_NAM_A_PAGE1,REAL,CROSS_FIELD_VALIDATED,"12","12","12",true,true,0.0000,0.0000,false,DETERMINISTIC
bench_D02_NAM_A_PAGE1_13_1,D02_NAM_A_PAGE1,REAL,OCR_DERIVED,"25/06/2024","25/06/2024","25/06/2024",true,true,0.0000,0.0000,false,DETERMINISTIC
bench_D02_NAM_A_PAGE1_13_2,D02_NAM_A_PAGE1,REAL,OCR_DERIVED,"26/06/2024","26/06/2024","26/06/2024",true,true,0.0000,0.0000,false,DETERMINISTIC
bench_D02_NAM_A_PAGE1_13_3,D02_NAM_A_PAGE1,REAL,OCR_DERIVED,"919CV00VND 00001","919CV00VND 00001","919CV00VND 00001",true,true,0.0000,0.0000,false,DETERMINISTIC
bench_D02_NAM_A_PAGE1_13_4,D02_NAM_A_PAGE1,REAL,OCR_DERIVED,"[CUSTOMER_NAME_REDACTED] 91902******0001","[CUSTOMER_NAME_REDACTED] 91902******0001","[CUSTOMER_NAME_REDACTED] 91902******0001",true,true,0.0000,0.0000,false,DETERMINISTIC
bench_D02_NAM_A_PAGE1_13_5,D02_NAM_A_PAGE1,REAL,CROSS_FIELD_VALIDATED,"","","",true,true,0.0000,0.0000,false,DETERMINISTIC
bench_D02_NAM_A_PAGE1_13_6,D02_NAM_A_PAGE1,REAL,OCR_DERIVED,"37","37","37",true,true,0.0000,0.0000,false,DETERMINISTIC
bench_D02_NAM_A_PAGE1_13_7,D02_NAM_A_PAGE1,REAL,CROSS_FIELD_VALIDATED,"50,037","50,037","50,037",true,true,0.0000,0.0000,false,DETERMINISTIC
bench_D02_NAM_A_PAGE1_14_0,D02_NAM_A_PAGE1,REAL,CROSS_FIELD_VALIDATED,"13","13","13",true,true,0.0000,0.0000,false,DETERMINISTIC
bench_D02_NAM_A_PAGE1_14_1,D02_NAM_A_PAGE1,REAL,OCR_DERIVED,"26/06/2024","26/06/2024","26/06/2024",true,true,0.0000,0.0000,false,DETERMINISTIC
bench_D02_NAM_A_PAGE1_14_2,D02_NAM_A_PAGE1,REAL,OCR_DERIVED,"26/06/2024","26/06/2024","26/06/2024",true,true,0.0000,0.0000,false,DETERMINISTIC
bench_D02_NAM_A_PAGE1_14_3,D02_NAM_A_PAGE1,REAL,OCR_DERIVED,"919ZTRF241780FA9","919ZTRF241780FA9","919ZTRF241780FA9",true,true,0.0000,0.0000,false,DETERMINISTIC
bench_D02_NAM_A_PAGE1_14_4,D02_NAM_A_PAGE1,REAL,OCR_DERIVED,"Thu lãi khế ước 0257-01/2015/919 (919LRLDVND1500044) - [CUSTOMER_NAME_REDACTED] từ TK số 91902******0001","Thu lãi khế ước 0257-01/2015/919 (919LRLDVND1500044) - [CUSTOMER_NAME_REDACTED] từ TK số 91902******0001","Thu lãi khế ước 0257-01/2015/919 (919LRLDVND1500044) - [CUSTOMER_NAME_REDACTED] từ TK số 91902******0001",true,true,0.0000,0.0000,false,DETERMINISTIC
bench_D02_NAM_A_PAGE1_14_5,D02_NAM_A_PAGE1,REAL,OCR_DERIVED,"37","37","37",true,true,0.0000,0.0000,false,DETERMINISTIC
bench_D02_NAM_A_PAGE1_14_6,D02_NAM_A_PAGE1,REAL,CROSS_FIELD_VALIDATED,"","","",true,true,0.0000,0.0000,false,DETERMINISTIC
bench_D02_NAM_A_PAGE1_14_7,D02_NAM_A_PAGE1,REAL,CROSS_FIELD_VALIDATED,"50,000","50,000","50,000",true,true,0.0000,0.0000,false,DETERMINISTIC
bench_D02_NAM_A_PAGE1_15_0,D02_NAM_A_PAGE1,REAL,CROSS_FIELD_VALIDATED,"14","14","14",true,true,0.0000,0.0000,false,DETERMINISTIC
bench_D02_NAM_A_PAGE1_15_1,D02_NAM_A_PAGE1,REAL,OCR_DERIVED,"27/06/2024","27/06/2024","27/06/2024",true,true,0.0000,0.0000,false,DETERMINISTIC
bench_D02_NAM_A_PAGE1_15_2,D02_NAM_A_PAGE1,REAL,OCR_DERIVED,"27/06/2024","27/06/2024","27/06/2024",true,true,0.0000,0.0000,false,DETERMINISTIC
bench_D02_NAM_A_PAGE1_15_3,D02_NAM_A_PAGE1,REAL,OCR_DERIVED,"919ea9x24179F25I","919ea9x24179F25I","919ea9x24179F25I",true,true,0.0000,0.0000,false,DETERMINISTIC
bench_D02_NAM_A_PAGE1_15_4,D02_NAM_A_PAGE1,REAL,OCR_DERIVED,"[CUSTOMER_NAME_REDACTED]","[CUSTOMER_NAME_REDACTED]","[CUSTOMER_NAME_REDACTED]",true,true,0.0000,0.0000,false,DETERMINISTIC
bench_D02_NAM_A_PAGE1_15_5,D02_NAM_A_PAGE1,REAL,OCR_DERIVED,"11,000","11,000","11,000",true,true,0.0000,0.0000,false,DETERMINISTIC
bench_D02_NAM_A_PAGE1_15_6,D02_NAM_A_PAGE1,REAL,CROSS_FIELD_VALIDATED,"","","",true,true,0.0000,0.0000,false,DETERMINISTIC
bench_D02_NAM_A_PAGE1_15_7,D02_NAM_A_PAGE1,REAL,CROSS_FIELD_VALIDATED,"39,000","39,000","39,000",true,true,0.0000,0.0000,false,DETERMINISTIC
bench_D02_NAM_A_PAGE1_16_0,D02_NAM_A_PAGE1,REAL,CROSS_FIELD_VALIDATED,"15","15","15",true,true,0.0000,0.0000,false,DETERMINISTIC
bench_D02_NAM_A_PAGE1_16_1,D02_NAM_A_PAGE1,REAL,OCR_DERIVED,"03/07/2024","03/07/2024","03/07/2024",true,true,0.0000,0.0000,false,DETERMINISTIC
bench_D02_NAM_A_PAGE1_16_2,D02_NAM_A_PAGE1,REAL,OCR_DERIVED,"03/07/2024","03/07/2024","03/07/2024",true,true,0.0000,0.0000,false,DETERMINISTIC
bench_D02_NAM_A_PAGE1_16_3,D02_NAM_A_PAGE1,REAL,OCR_DERIVED,"919NAP224185U25F","919NAP224185U25F","919NAP224185U25F",true,true,0.0000,0.0000,false,DETERMINISTIC
bench_D02_NAM_A_PAGE1_16_4,D02_NAM_A_PAGE1,REAL,OCR_DERIVED,"NOP TIEN-030724-14:41:10 000303","NOP TIEN-030724-14:41:10 000303","NOP TIEN-030724-14:41:10 000303",true,true,0.0000,0.0000,false,DETERMINISTIC
bench_D02_NAM_A_PAGE1_16_5,D02_NAM_A_PAGE1,REAL,CROSS_FIELD_VALIDATED,"","","",true,true,0.0000,0.0000,false,DETERMINISTIC
bench_D02_NAM_A_PAGE1_16_6,D02_NAM_A_PAGE1,REAL,OCR_DERIVED,"12,900,000","12,900,000","12,900,000",true,true,0.0000,0.0000,false,DETERMINISTIC
bench_D02_NAM_A_PAGE1_16_7,D02_NAM_A_PAGE1,REAL,CROSS_FIELD_VALIDATED,"12,939,000","12,939,000","12,939,000",true,true,0.0000,0.0000,false,DETERMINISTIC
bench_D02_NAM_A_PAGE1_17_0,D02_NAM_A_PAGE1,REAL,CROSS_FIELD_VALIDATED,"16","16","16",true,true,0.0000,0.0000,false,DETERMINISTIC
bench_D02_NAM_A_PAGE1_17_1,D02_NAM_A_PAGE1,REAL,OCR_DERIVED,"03/07/2024","03/07/2024","03/07/2024",true,true,0.0000,0.0000,false,DETERMINISTIC
bench_D02_NAM_A_PAGE1_17_2,D02_NAM_A_PAGE1,REAL,OCR_DERIVED,"03/07/2024","03/07/2024","03/07/2024",true,true,0.0000,0.0000,false,DETERMINISTIC
bench_D02_NAM_A_PAGE1_17_3,D02_NAM_A_PAGE1,REAL,OCR_DERIVED,"919ZTRF241850GQH","919ZTRF241850GQH","919ZTRF241850GQH",true,true,0.0000,0.0000,false,DETERMINISTIC
bench_D02_NAM_A_PAGE1_17_4,D02_NAM_A_PAGE1,REAL,OCR_DERIVED,"Thu vốn khế ước 0257-01/2015/919 (919LRLDVND1500044) - [CUSTOMER_NAME_REDACTED] từ TK số 91902******0001","Thu vốn khế ước 0257-01/2015/919 (919LRLDVND1500044) - [CUSTOMER_NAME_REDACTED] từ TK số 91902******0001","Thu vốn khế ước 0257-01/2015/919 (919LRLDVND1500044) - [CUSTOMER_NAME_REDACTED] từ TK số 91902******0001",true,true,0.0000,0.0000,false,DETERMINISTIC
bench_D02_NAM_A_PAGE1_17_5,D02_NAM_A_PAGE1,REAL,OCR_DERIVED,"6,940,000","6,940,000","6,940,000",true,true,0.0000,0.0000,false,DETERMINISTIC
bench_D02_NAM_A_PAGE1_17_6,D02_NAM_A_PAGE1,REAL,CROSS_FIELD_VALIDATED,"","","",true,true,0.0000,0.0000,false,DETERMINISTIC
bench_D02_NAM_A_PAGE1_17_7,D02_NAM_A_PAGE1,REAL,CROSS_FIELD_VALIDATED,"5,999,000","5,999,000","5,999,000",true,true,0.0000,0.0000,false,DETERMINISTIC
bench_D02_NAM_A_PAGE1_18_0,D02_NAM_A_PAGE1,REAL,CROSS_FIELD_VALIDATED,"17","17","17",true,true,0.0000,0.0000,false,DETERMINISTIC
bench_D02_NAM_A_PAGE1_18_1,D02_NAM_A_PAGE1,REAL,OCR_DERIVED,"03/07/2024","03/07/2024","03/07/2024",true,true,0.0000,0.0000,false,DETERMINISTIC
bench_D02_NAM_A_PAGE1_18_2,D02_NAM_A_PAGE1,REAL,OCR_DERIVED,"03/07/2024","03/07/2024","03/07/2024",true,true,0.0000,0.0000,false,DETERMINISTIC
bench_D02_NAM_A_PAGE1_18_3,D02_NAM_A_PAGE1,REAL,OCR_DERIVED,"919ZTRF241850GQL","919ZTRF241850GQL","919ZTRF241850GQL",true,true,0.0000,0.0000,false,DETERMINISTIC
bench_D02_NAM_A_PAGE1_18_4,D02_NAM_A_PAGE1,REAL,OCR_DERIVED,"Thu lãi khế ước 0257-01/2015/919 (919LRLDVND1500044) - [CUSTOMER_NAME_REDACTED] từ TK số 91902******0001","Thu lãi khế ước 0257-01/2015/919 (919LRLDVND1500044) - [CUSTOMER_NAME_REDACTED] từ TK số 91902******0001","Thu lãi khế ước 0257-01/2015/919 (919LRLDVND1500044) - [CUSTOMER_NAME_REDACTED] từ TK số 91902******0001",true,true,0.0000,0.0000,false,DETERMINISTIC
bench_D02_NAM_A_PAGE1_18_5,D02_NAM_A_PAGE1,REAL,OCR_DERIVED,"53,628","53,628","53,628",true,true,0.0000,0.0000,false,DETERMINISTIC
bench_D02_NAM_A_PAGE1_18_6,D02_NAM_A_PAGE1,REAL,CROSS_FIELD_VALIDATED,"","","",true,true,0.0000,0.0000,false,DETERMINISTIC
bench_D02_NAM_A_PAGE1_18_7,D02_NAM_A_PAGE1,REAL,CROSS_FIELD_VALIDATED,"5,945,372","5,945,372","5,945,372",true,true,0.0000,0.0000,false,DETERMINISTIC
bench_D02_NAM_A_PAGE1_19_0,D02_NAM_A_PAGE1,REAL,CROSS_FIELD_VALIDATED,"18","18","18",true,true,0.0000,0.0000,false,DETERMINISTIC
bench_D02_NAM_A_PAGE1_19_1,D02_NAM_A_PAGE1,REAL,OCR_DERIVED,"03/07/2024","03/07/2024","03/07/2024",true,true,0.0000,0.0000,false,DETERMINISTIC
bench_D02_NAM_A_PAGE1_19_2,D02_NAM_A_PAGE1,REAL,OCR_DERIVED,"03/07/2024","03/07/2024","03/07/2024",true,true,0.0000,0.0000,false,DETERMINISTIC
bench_D02_NAM_A_PAGE1_19_3,D02_NAM_A_PAGE1,REAL,OCR_DERIVED,"919ZTRF241850GQJ","919ZTRF241850GQJ","919ZTRF241850GQJ",true,true,0.0000,0.0000,false,DETERMINISTIC
bench_D02_NAM_A_PAGE1_19_4,D02_NAM_A_PAGE1,REAL,OCR_DERIVED,"Thu lãi khế ước 0257-01/2015/919 (919LRLDVND1500044) - [CUSTOMER_NAME_REDACTED] từ TK số 91902******0001","Thu lãi khế ước 0257-01/2015/919 (919LRLDVND1500044) - [CUSTOMER_NAME_REDACTED] từ TK số 91902******0001","Thu lãi khế ước 0257-01/2015/919 (919LRLDVND1500044) - [CUSTOMER_NAME_REDACTED] từ TK số 91902******0001",true,true,0.0000,0.0000,false,DETERMINISTIC
bench_D02_NAM_A_PAGE1_19_5,D02_NAM_A_PAGE1,REAL,OCR_DERIVED,"5,837,293","5,837,293","5,837,293",true,true,0.0000,0.0000,false,DETERMINISTIC
bench_D02_NAM_A_PAGE1_19_6,D02_NAM_A_PAGE1,REAL,CROSS_FIELD_VALIDATED,"","","",true,true,0.0000,0.0000,false,DETERMINISTIC
bench_D02_NAM_A_PAGE1_19_7,D02_NAM_A_PAGE1,REAL,CROSS_FIELD_VALIDATED,"108,079","108,079","108,079",true,true,0.0000,0.0000,false,DETERMINISTIC
bench_D02_NAM_A_PAGE1_20_0,D02_NAM_A_PAGE1,REAL,CROSS_FIELD_VALIDATED,"19","19","19",true,true,0.0000,0.0000,false,DETERMINISTIC
bench_D02_NAM_A_PAGE1_20_1,D02_NAM_A_PAGE1,REAL,OCR_DERIVED,"09/07/2024","09/07/2024","09/07/2024",true,true,0.0000,0.0000,false,DETERMINISTIC
bench_D02_NAM_A_PAGE1_20_2,D02_NAM_A_PAGE1,REAL,OCR_DERIVED,"09/07/2024","09/07/2024","09/07/2024",true,true,0.0000,0.0000,false,DETERMINISTIC
bench_D02_NAM_A_PAGE1_20_3,D02_NAM_A_PAGE1,REAL,OCR_DERIVED,"919GL3024191C6KY","919GL3024191C6KY","919GL3024191C6KY",true,true,0.0000,0.0000,false,DETERMINISTIC
bench_D02_NAM_A_PAGE1_20_4,D02_NAM_A_PAGE1,REAL,OCR_DERIVED,"SYSTEM#[CUSTOMER_NAME_REDACTED] 062024 SDT 84932****766","SYSTEM#[CUSTOMER_NAME_REDACTED] 062024 SDT 84932****766","SYSTEM#[CUSTOMER_NAME_REDACTED] 062024 SDT 84932****766",true,true,0.0000,0.0000,false,DETERMINISTIC
bench_D02_NAM_A_PAGE1_20_5,D02_NAM_A_PAGE1,REAL,OCR_DERIVED,"12,000","12,000","12,000",true,true,0.0000,0.0000,false,DETERMINISTIC
bench_D02_NAM_A_PAGE1_20_6,D02_NAM_A_PAGE1,REAL,CROSS_FIELD_VALIDATED,"","","",true,true,0.0000,0.0000,false,DETERMINISTIC
bench_D02_NAM_A_PAGE1_20_7,D02_NAM_A_PAGE1,REAL,CROSS_FIELD_VALIDATED,"96,079","96,079","96,079",true,true,0.0000,0.0000,false,DETERMINISTIC
bench_D02_NAM_A_PAGE1_21_0,D02_NAM_A_PAGE1,REAL,CROSS_FIELD_VALIDATED,"20","20","20",true,true,0.0000,0.0000,false,DETERMINISTIC
bench_D02_NAM_A_PAGE1_21_1,D02_NAM_A_PAGE1,REAL,OCR_DERIVED,"09/07/2024","09/07/2024","09/07/2024",true,true,0.0000,0.0000,false,DETERMINISTIC
bench_D02_NAM_A_PAGE1_21_2,D02_NAM_A_PAGE1,REAL,OCR_DERIVED,"09/07/2024","09/07/2024","09/07/2024",true,true,0.0000,0.0000,false,DETERMINISTIC
bench_D02_NAM_A_PAGE1_21_3,D02_NAM_A_PAGE1,REAL,OCR_DERIVED,"919GL3024191C6KY","919GL3024191C6KY","919GL3024191C6KY",true,true,0.0000,0.0000,false,DETERMINISTIC
bench_D02_NAM_A_PAGE1_21_4,D02_NAM_A_PAGE1,REAL,OCR_DERIVED,"SYSTEM#[CUSTOMER_NAME_REDACTED] 062024 SDT 84932****766","SYSTEM#[CUSTOMER_NAME_REDACTED] 062024 SDT 84932****766","SYSTEM#[CUSTOMER_NAME_REDACTED] 062024 SDT 84932****766",true,true,0.0000,0.0000,false,DETERMINISTIC
bench_D02_NAM_A_PAGE1_21_5,D02_NAM_A_PAGE1,REAL,OCR_DERIVED,"1,200","1,200","1,200",true,true,0.0000,0.0000,false,DETERMINISTIC
bench_D02_NAM_A_PAGE1_21_6,D02_NAM_A_PAGE1,REAL,CROSS_FIELD_VALIDATED,"","","",true,true,0.0000,0.0000,false,DETERMINISTIC
bench_D02_NAM_A_PAGE1_21_7,D02_NAM_A_PAGE1,REAL,CROSS_FIELD_VALIDATED,"94,879","94,879","94,879",true,true,0.0000,0.0000,false,DETERMINISTIC
bench_D02_NAM_A_PAGE1_22_0,D02_NAM_A_PAGE1,REAL,CROSS_FIELD_VALIDATED,"21","21","21",true,true,0.0000,0.0000,false,DETERMINISTIC
bench_D02_NAM_A_PAGE1_22_1,D02_NAM_A_PAGE1,REAL,OCR_DERIVED,"25/07/2024","25/07/2024","25/07/2024",true,true,0.0000,0.0000,false,DETERMINISTIC
bench_D02_NAM_A_PAGE1_22_2,D02_NAM_A_PAGE1,REAL,OCR_DERIVED,"25/07/2024","25/07/2024","25/07/2024",true,true,0.0000,0.0000,false,DETERMINISTIC
bench_D02_NAM_A_PAGE1_22_3,D02_NAM_A_PAGE1,REAL,OCR_DERIVED,"919ZTRF242070L3J","919ZTRF242070L3J","919ZTRF242070L3J",true,true,0.0000,0.0000,false,DETERMINISTIC
bench_D02_NAM_A_PAGE1_22_4,D02_NAM_A_PAGE1,REAL,OCR_DERIVED,"Thu lãi khế ước 0257-01/2015/919 (919LRLDVND1500044) - [CUSTOMER_NAME_REDACTED] từ TK số 91902******0001","Thu lãi khế ước 0257-01/2015/919 (919LRLDVND1500044) - [CUSTOMER_NAME_REDACTED] từ TK số 91902******0001","Thu lãi khế ước 0257-01/2015/919 (919LRLDVND1500044) - [CUSTOMER_NAME_REDACTED] từ TK số 91902******0001",true,true,0.0000,0.0000,false,DETERMINISTIC
bench_D02_NAM_A_PAGE1_22_5,D02_NAM_A_PAGE1,REAL,OCR_DERIVED,"44,879","44,879","44,879",true,true,0.0000,0.0000,false,DETERMINISTIC
bench_D02_NAM_A_PAGE1_22_6,D02_NAM_A_PAGE1,REAL,CROSS_FIELD_VALIDATED,"","","",true,true,0.0000,0.0000,false,DETERMINISTIC
bench_D02_NAM_A_PAGE1_22_7,D02_NAM_A_PAGE1,REAL,CROSS_FIELD_VALIDATED,"50,000","50,000","50,000",true,true,0.0000,0.0000,false,DETERMINISTIC
bench_D02_NAM_A_PAGE1_23_0,D02_NAM_A_PAGE1,REAL,CROSS_FIELD_VALIDATED,"22","22","22",true,true,0.0000,0.0000,false,DETERMINISTIC
bench_D02_NAM_A_PAGE1_23_1,D02_NAM_A_PAGE1,REAL,OCR_DERIVED,"25/07/2024","25/07/2024","25/07/2024",true,true,0.0000,0.0000,false,DETERMINISTIC
bench_D02_NAM_A_PAGE1_23_2,D02_NAM_A_PAGE1,REAL,OCR_DERIVED,"26/07/2024","26/07/2024","26/07/2024",true,true,0.0000,0.0000,false,DETERMINISTIC
bench_D02_NAM_A_PAGE1_23_3,D02_NAM_A_PAGE1,REAL,OCR_DERIVED,"919CV00VND 00001","919CV00VND 00001","919CV00VND 00001",true,true,0.0000,0.0000,false,DETERMINISTIC
bench_D02_NAM_A_PAGE1_23_4,D02_NAM_A_PAGE1,REAL,OCR_DERIVED,"[CUSTOMER_NAME_REDACTED] 91902******0001","[CUSTOMER_NAME_REDACTED] 91902******0001","[CUSTOMER_NAME_REDACTED] 91902******0001",true,true,0.0000,0.0000,false,DETERMINISTIC
bench_D02_NAM_A_PAGE1_23_5,D02_NAM_A_PAGE1,REAL,CROSS_FIELD_VALIDATED,"","","",true,true,0.0000,0.0000,false,DETERMINISTIC
bench_D02_NAM_A_PAGE1_23_6,D02_NAM_A_PAGE1,REAL,OCR_DERIVED,"35","35","35",true,true,0.0000,0.0000,false,DETERMINISTIC
bench_D02_NAM_A_PAGE1_23_7,D02_NAM_A_PAGE1,REAL,CROSS_FIELD_VALIDATED,"50,035","50,035","50,035",true,true,0.0000,0.0000,false,DETERMINISTIC
bench_D02_NAM_A_PAGE1_24_0,D02_NAM_A_PAGE1,REAL,CROSS_FIELD_VALIDATED,"23","23","23",true,true,0.0000,0.0000,false,DETERMINISTIC
bench_D02_NAM_A_PAGE1_24_1,D02_NAM_A_PAGE1,REAL,OCR_DERIVED,"26/07/2024","26/07/2024","26/07/2024",true,true,0.0000,0.0000,false,DETERMINISTIC
bench_D02_NAM_A_PAGE1_24_2,D02_NAM_A_PAGE1,REAL,OCR_DERIVED,"26/07/2024","26/07/2024","26/07/2024",true,true,0.0000,0.0000,false,DETERMINISTIC
bench_D02_NAM_A_PAGE1_24_3,D02_NAM_A_PAGE1,REAL,OCR_DERIVED,"919ZTRF242080LB1","919ZTRF242080LB1","919ZTRF242080LB1",true,true,0.0000,0.0000,false,DETERMINISTIC
bench_D02_NAM_A_PAGE1_24_4,D02_NAM_A_PAGE1,REAL,OCR_DERIVED,"Thu lãi khế ước 0257-01/2015/919 (919LRLDVND1500044) - [CUSTOMER_NAME_REDACTED] từ TK số 91902******0001","Thu lãi khế ước 0257-01/2015/919 (919LRLDVND1500044) - [CUSTOMER_NAME_REDACTED] từ TK số 91902******0001","Thu lãi khế ước 0257-01/2015/919 (919LRLDVND1500044) - [CUSTOMER_NAME_REDACTED] từ TK số 91902******0001",true,true,0.0000,0.0000,false,DETERMINISTIC
bench_D02_NAM_A_PAGE1_24_5,D02_NAM_A_PAGE1,REAL,OCR_DERIVED,"35","35","35",true,true,0.0000,0.0000,false,DETERMINISTIC
bench_D02_NAM_A_PAGE1_24_6,D02_NAM_A_PAGE1,REAL,CROSS_FIELD_VALIDATED,"","","",true,true,0.0000,0.0000,false,DETERMINISTIC
bench_D02_NAM_A_PAGE1_24_7,D02_NAM_A_PAGE1,REAL,CROSS_FIELD_VALIDATED,"50,000","50,000","50,000",true,true,0.0000,0.0000,false,DETERMINISTIC
bench_D02_NAM_A_PAGE1_25_0,D02_NAM_A_PAGE1,REAL,CROSS_FIELD_VALIDATED,"24","24","24",true,true,0.0000,0.0000,false,DETERMINISTIC
bench_D02_NAM_A_PAGE1_25_1,D02_NAM_A_PAGE1,REAL,OCR_DERIVED,"27/07/2024","27/07/2024","27/07/2024",true,true,0.0000,0.0000,false,DETERMINISTIC
bench_D02_NAM_A_PAGE1_25_2,D02_NAM_A_PAGE1,REAL,OCR_DERIVED,"27/07/2024","27/07/2024","27/07/2024",true,true,0.0000,0.0000,false,DETERMINISTIC
bench_D02_NAM_A_PAGE1_25_3,D02_NAM_A_PAGE1,REAL,OCR_DERIVED,"919gfgg24209G2D7","919gfgg24209G2D7","919gfgg24209G2D7",true,true,0.0000,0.0000,false,DETERMINISTIC
bench_D02_NAM_A_PAGE1_25_4,D02_NAM_A_PAGE1,REAL,OCR_DERIVED,"[CUSTOMER_NAME_REDACTED]","[CUSTOMER_NAME_REDACTED]","[CUSTOMER_NAME_REDACTED]",true,true,0.0000,0.0000,false,DETERMINISTIC
bench_D02_NAM_A_PAGE1_25_5,D02_NAM_A_PAGE1,REAL,OCR_DERIVED,"11,000","11,000","11,000",true,true,0.0000,0.0000,false,DETERMINISTIC
bench_D02_NAM_A_PAGE1_25_6,D02_NAM_A_PAGE1,REAL,CROSS_FIELD_VALIDATED,"","","",true,true,0.0000,0.0000,false,DETERMINISTIC
bench_D02_NAM_A_PAGE1_25_7,D02_NAM_A_PAGE1,REAL,CROSS_FIELD_VALIDATED,"39,000","39,000","39,000",true,true,0.0000,0.0000,false,DETERMINISTIC
bench_D02_NAM_A_PAGE1_26_0,D02_NAM_A_PAGE1,REAL,CROSS_FIELD_VALIDATED,"25","25","25",true,true,0.0000,0.0000,false,DETERMINISTIC
bench_D02_NAM_A_PAGE1_26_1,D02_NAM_A_PAGE1,REAL,OCR_DERIVED,"01/08/2024","01/08/2024","01/08/2024",true,true,0.0000,0.0000,false,DETERMINISTIC
bench_D02_NAM_A_PAGE1_26_2,D02_NAM_A_PAGE1,REAL,OCR_DERIVED,"01/08/2024","01/08/2024","01/08/2024",true,true,0.0000,0.0000,false,DETERMINISTIC
bench_D02_NAM_A_PAGE1_26_3,D02_NAM_A_PAGE1,REAL,OCR_DERIVED,"919GL3024214C70E","919GL3024214C70E","919GL3024214C70E",true,true,0.0000,0.0000,false,DETERMINISTIC
bench_D02_NAM_A_PAGE1_26_4,D02_NAM_A_PAGE1,REAL,OCR_DERIVED,"SYSTEM#[CUSTOMER_NAME_REDACTED] 072024 SDT 84932****766","SYSTEM#[CUSTOMER_NAME_REDACTED] 072024 SDT 84932****766","SYSTEM#[CUSTOMER_NAME_REDACTED] 072024 SDT 84932****766",true,true,0.0000,0.0000,false,DETERMINISTIC
bench_D02_NAM_A_PAGE1_26_5,D02_NAM_A_PAGE1,REAL,OCR_DERIVED,"12,000","12,000","12,000",true,true,0.0000,0.0000,false,DETERMINISTIC
bench_D02_NAM_A_PAGE1_26_6,D02_NAM_A_PAGE1,REAL,CROSS_FIELD_VALIDATED,"","","",true,true,0.0000,0.0000,false,DETERMINISTIC
bench_D02_NAM_A_PAGE1_26_7,D02_NAM_A_PAGE1,REAL,CROSS_FIELD_VALIDATED,"27,000","27,000","27,000",true,true,0.0000,0.0000,false,DETERMINISTIC
bench_D02_NAM_A_PAGE1_27_0,D02_NAM_A_PAGE1,REAL,CROSS_FIELD_VALIDATED,"26","26","26",true,true,0.0000,0.0000,false,DETERMINISTIC
bench_D02_NAM_A_PAGE1_27_1,D02_NAM_A_PAGE1,REAL,OCR_DERIVED,"01/08/2024","01/08/2024","01/08/2024",true,true,0.0000,0.0000,false,DETERMINISTIC
bench_D02_NAM_A_PAGE1_27_2,D02_NAM_A_PAGE1,REAL,OCR_DERIVED,"01/08/2024","01/08/2024","01/08/2024",true,true,0.0000,0.0000,false,DETERMINISTIC
bench_D02_NAM_A_PAGE1_27_3,D02_NAM_A_PAGE1,REAL,OCR_DERIVED,"919GL3024214C70E","919GL3024214C70E","919GL3024214C70E",true,true,0.0000,0.0000,false,DETERMINISTIC
bench_D02_NAM_A_PAGE1_27_4,D02_NAM_A_PAGE1,REAL,OCR_DERIVED,"SYSTEM#[CUSTOMER_NAME_REDACTED] 072024 SDT 84932****766","SYSTEM#[CUSTOMER_NAME_REDACTED] 072024 SDT 84932****766","SYSTEM#[CUSTOMER_NAME_REDACTED] 072024 SDT 84932****766",true,true,0.0000,0.0000,false,DETERMINISTIC
bench_D02_NAM_A_PAGE1_27_5,D02_NAM_A_PAGE1,REAL,OCR_DERIVED,"1,200","1,200","1,200",true,true,0.0000,0.0000,false,DETERMINISTIC
bench_D02_NAM_A_PAGE1_27_6,D02_NAM_A_PAGE1,REAL,CROSS_FIELD_VALIDATED,"","","",true,true,0.0000,0.0000,false,DETERMINISTIC
bench_D02_NAM_A_PAGE1_27_7,D02_NAM_A_PAGE1,REAL,CROSS_FIELD_VALIDATED,"25,800","25,800","25,800",true,true,0.0000,0.0000,false,DETERMINISTIC
bench_D02_NAM_A_PAGE1_28_0,D02_NAM_A_PAGE1,REAL,CROSS_FIELD_VALIDATED,"27","27","27",true,true,0.0000,0.0000,false,DETERMINISTIC
bench_D02_NAM_A_PAGE1_28_1,D02_NAM_A_PAGE1,REAL,OCR_DERIVED,"03/08/2024","03/08/2024","03/08/2024",true,true,0.0000,0.0000,false,DETERMINISTIC
bench_D02_NAM_A_PAGE1_28_2,D02_NAM_A_PAGE1,REAL,OCR_DERIVED,"03/08/2024","03/08/2024","03/08/2024",true,true,0.0000,0.0000,false,DETERMINISTIC
bench_D02_NAM_A_PAGE1_28_3,D02_NAM_A_PAGE1,REAL,OCR_DERIVED,"919NAP224216V2RD","919NAP224216V2RD","919NAP224216V2RD",true,true,0.0000,0.0000,false,DETERMINISTIC
bench_D02_NAM_A_PAGE1_28_4,D02_NAM_A_PAGE1,REAL,OCR_DERIVED,"NOP TIEN-030824-09:43:03 076078","NOP TIEN-030824-09:43:03 076078","NOP TIEN-030824-09:43:03 076078",true,true,0.0000,0.0000,false,DETERMINISTIC
bench_D02_NAM_A_PAGE1_28_5,D02_NAM_A_PAGE1,REAL,CROSS_FIELD_VALIDATED,"","","",true,true,0.0000,0.0000,false,DETERMINISTIC
bench_D02_NAM_A_PAGE1_28_6,D02_NAM_A_PAGE1,REAL,OCR_DERIVED,"12,700,000","12,700,000","12,700,000",true,true,0.0000,0.0000,false,DETERMINISTIC
bench_D02_NAM_A_PAGE1_28_7,D02_NAM_A_PAGE1,REAL,CROSS_FIELD_VALIDATED,"12,725,800","12,725,800","12,725,800",true,true,0.0000,0.0000,false,DETERMINISTIC
bench_D02_NAM_A_PAGE1_29_0,D02_NAM_A_PAGE1,REAL,CROSS_FIELD_VALIDATED,"28","28","28",true,true,0.0000,0.0000,false,DETERMINISTIC
bench_D02_NAM_A_PAGE1_29_1,D02_NAM_A_PAGE1,REAL,OCR_DERIVED,"03/08/2024","03/08/2024","03/08/2024",true,true,0.0000,0.0000,false,DETERMINISTIC
bench_D02_NAM_A_PAGE1_29_2,D02_NAM_A_PAGE1,REAL,OCR_DERIVED,"03/08/2024","03/08/2024","03/08/2024",true,true,0.0000,0.0000,false,DETERMINISTIC
bench_D02_NAM_A_PAGE1_29_3,D02_NAM_A_PAGE1,REAL,OCR_DERIVED,"919ZTRF242160MZ5","919ZTRF242160MZ5","919ZTRF242160MZ5",true,true,0.0000,0.0000,false,DETERMINISTIC
bench_D02_NAM_A_PAGE1_29_4,D02_NAM_A_PAGE1,REAL,OCR_DERIVED,"Thu vốn khế ước 0257-01/2015/919 (919LRLDVND1500044) -[CUSTOMER_NAME_REDACTED] từ TK số 91902******0001","Thu vốn khế ước 0257-01/2015/919 (919LRLDVND1500044) -[CUSTOMER_NAME_REDACTED] từ TK số 91902******0001","Thu vốn khế ước 0257-01/2015/919 (919LRLDVND1500044) -[CUSTOMER_NAME_REDACTED] từ TK số 91902******0001",true,true,0.0000,0.0000,false,DETERMINISTIC
bench_D02_NAM_A_PAGE1_29_5,D02_NAM_A_PAGE1,REAL,OCR_DERIVED,"6,940,000","6,940,000","6,940,000",true,true,0.0000,0.0000,false,DETERMINISTIC
bench_D02_NAM_A_PAGE1_29_6,D02_NAM_A_PAGE1,REAL,CROSS_FIELD_VALIDATED,"","","",true,true,0.0000,0.0000,false,DETERMINISTIC
bench_D02_NAM_A_PAGE1_29_7,D02_NAM_A_PAGE1,REAL,CROSS_FIELD_VALIDATED,"5,785,800","5,785,800","5,785,800",true,true,0.0000,0.0000,false,DETERMINISTIC
bench_D12_NAM_A_FULL_0_0,D12_NAM_A_FULL,REAL,SOURCE_IMAGE_VERIFIED,"STT No","STT No","STT No",true,true,0.0000,0.0000,false,DETERMINISTIC
bench_D12_NAM_A_FULL_0_1,D12_NAM_A_FULL,REAL,SOURCE_IMAGE_VERIFIED,"NGÀY GD Booking date(*)","NGÀY GD Booking date(*)","NGÀY GD Booking date(*)",true,true,0.0000,0.0000,false,DETERMINISTIC
bench_D12_NAM_A_FULL_0_2,D12_NAM_A_FULL,REAL,SOURCE_IMAGE_VERIFIED,"NGÀY GIÁ TRỊ Value date( ** )","NGÀY GIÁ TRỊ Value date( ** )","NGÀY GIÁ TRỊ Value date( ** )",true,true,0.0000,0.0000,false,DETERMINISTIC
bench_D12_NAM_A_FULL_0_3,D12_NAM_A_FULL,REAL,SOURCE_IMAGE_VERIFIED,"SỐ GIAO DỊCH Transaction No","SỐ GIAO DỊCH Transaction No","SỐ GIAO DỊCH Transaction No",true,true,0.0000,0.0000,false,DETERMINISTIC
bench_D12_NAM_A_FULL_0_4,D12_NAM_A_FULL,REAL,SOURCE_IMAGE_VERIFIED,"NỘI DUNG Description","NỘI DUNG Description","NỘI DUNG Description",true,true,0.0000,0.0000,false,DETERMINISTIC
bench_D12_NAM_A_FULL_0_5,D12_NAM_A_FULL,REAL,SOURCE_IMAGE_VERIFIED,"PS NỢ Debit","PS NỢ Debit","PS NỢ Debit",true,true,0.0000,0.0000,false,DETERMINISTIC
bench_D12_NAM_A_FULL_0_6,D12_NAM_A_FULL,REAL,SOURCE_IMAGE_VERIFIED,"PS CÓ Credit","PS CÓ Credit","PS CÓ Credit",true,true,0.0000,0.0000,false,DETERMINISTIC
bench_D12_NAM_A_FULL_0_7,D12_NAM_A_FULL,REAL,SOURCE_IMAGE_VERIFIED,"Số dư Current Balance( *** )","Số dư Current Balance( *** )","Số dư Current Balance( *** )",true,true,0.0000,0.0000,false,DETERMINISTIC
bench_D12_NAM_A_FULL_1_0,D12_NAM_A_FULL,REAL,CROSS_FIELD_VALIDATED,"29","29","29",true,true,0.0000,0.0000,false,DETERMINISTIC
bench_D12_NAM_A_FULL_1_1,D12_NAM_A_FULL,REAL,OCR_DERIVED,"03/08/2024","03/08/2024","03/08/2024",true,true,0.0000,0.0000,false,DETERMINISTIC
bench_D12_NAM_A_FULL_1_2,D12_NAM_A_FULL,REAL,OCR_DERIVED,"03/08/2024","03/08/2024","03/08/2024",true,true,0.0000,0.0000,false,DETERMINISTIC
bench_D12_NAM_A_FULL_1_3,D12_NAM_A_FULL,REAL,OCR_DERIVED,"919ZTRF242160MZ7","919ZTRF242160MZ7","919ZTRF242160MZ7",true,true,0.0000,0.0000,false,DETERMINISTIC
bench_D12_NAM_A_FULL_1_4,D12_NAM_A_FULL,REAL,OCR_DERIVED,"Thu lãi khế ước 0257-01/2015/919 (919LRLDVND1500044) - [CUSTOMER_NAME_REDACTED] từ TK số 91902******0001","Thu lãi khế ước 0257-01/2015/919 (919LRLDVND1500044) - [CUSTOMER_NAME_REDACTED] từ TK số 91902******0001","Thu lãi khế ước 0257-01/2015/919 (919LRLDVND1500044) - [CUSTOMER_NAME_REDACTED] từ TK số 91902******0001",true,true,0.0000,0.0000,false,DETERMINISTIC
bench_D12_NAM_A_FULL_1_5,D12_NAM_A_FULL,REAL,OCR_DERIVED,"5,574,511","5,574,511","5,574,511",true,true,0.0000,0.0000,false,DETERMINISTIC
bench_D12_NAM_A_FULL_1_6,D12_NAM_A_FULL,REAL,CROSS_FIELD_VALIDATED,"","","",true,true,0.0000,0.0000,false,DETERMINISTIC
bench_D12_NAM_A_FULL_1_7,D12_NAM_A_FULL,REAL,CROSS_FIELD_VALIDATED,"211,289","211,289","211,289",true,true,0.0000,0.0000,false,DETERMINISTIC
bench_D12_NAM_A_FULL_2_0,D12_NAM_A_FULL,REAL,CROSS_FIELD_VALIDATED,"30","30","30",true,true,0.0000,0.0000,false,DETERMINISTIC
bench_D12_NAM_A_FULL_2_1,D12_NAM_A_FULL,REAL,OCR_DERIVED,"03/08/2024","03/08/2024","03/08/2024",true,true,0.0000,0.0000,false,DETERMINISTIC
bench_D12_NAM_A_FULL_2_2,D12_NAM_A_FULL,REAL,OCR_DERIVED,"03/08/2024","03/08/2024","03/08/2024",true,true,0.0000,0.0000,false,DETERMINISTIC
bench_D12_NAM_A_FULL_2_3,D12_NAM_A_FULL,REAL,OCR_DERIVED,"919ZTRF242160MZ9","919ZTRF242160MZ9","919ZTRF242160MZ9",true,true,0.0000,0.0000,false,DETERMINISTIC
bench_D12_NAM_A_FULL_2_4,D12_NAM_A_FULL,REAL,OCR_DERIVED,"Thu lãi khế ước 0257-01/2015/919 (919LRLDVND1500044) - [CUSTOMER_NAME_REDACTED] từ TK số 91902******0001","Thu lãi khế ước 0257-01/2015/919 (919LRLDVND1500044) - [CUSTOMER_NAME_REDACTED] từ TK số 91902******0001","Thu lãi khế ước 0257-01/2015/919 (919LRLDVND1500044) - [CUSTOMER_NAME_REDACTED] từ TK số 91902******0001",true,true,0.0000,0.0000,false,DETERMINISTIC
bench_D12_NAM_A_FULL_2_5,D12_NAM_A_FULL,REAL,OCR_DERIVED,"59,097","59,097","59,097",true,true,0.0000,0.0000,false,DETERMINISTIC
bench_D12_NAM_A_FULL_2_6,D12_NAM_A_FULL,REAL,CROSS_FIELD_VALIDATED,"","","",true,true,0.0000,0.0000,false,DETERMINISTIC
bench_D12_NAM_A_FULL_2_7,D12_NAM_A_FULL,REAL,CROSS_FIELD_VALIDATED,"152,192","152,192","152,192",true,true,0.0000,0.0000,false,DETERMINISTIC
bench_D12_NAM_A_FULL_3_0,D12_NAM_A_FULL,REAL,CROSS_FIELD_VALIDATED,"31","31","31",true,true,0.0000,0.0000,false,DETERMINISTIC
bench_D12_NAM_A_FULL_3_1,D12_NAM_A_FULL,REAL,OCR_DERIVED,"25/08/2024","25/08/2024","25/08/2024",true,true,0.0000,0.0000,false,DETERMINISTIC
bench_D12_NAM_A_FULL_3_2,D12_NAM_A_FULL,REAL,OCR_DERIVED,"25/08/2024","25/08/2024","25/08/2024",true,true,0.0000,0.0000,false,DETERMINISTIC
bench_D12_NAM_A_FULL_3_3,D12_NAM_A_FULL,REAL,OCR_DERIVED,"919ZTRF242380RIT","919ZTRF242380RIT","919ZTRF242380RIT",true,true,0.0000,0.0000,false,DETERMINISTIC
bench_D12_NAM_A_FULL_3_4,D12_NAM_A_FULL,REAL,OCR_DERIVED,"Thu lãi khế ước 0257-01/2015/919 (919LRLDVND1500044) - [CUSTOMER_NAME_REDACTED] từ TK số 91902******0001","Thu lãi khế ước 0257-01/2015/919 (919LRLDVND1500044) - [CUSTOMER_NAME_REDACTED] từ TK số 91902******0001","Thu lãi khế ước 0257-01/2015/919 (919LRLDVND1500044) - [CUSTOMER_NAME_REDACTED] từ TK số 91902******0001",true,true,0.0000,0.0000,false,DETERMINISTIC
bench_D12_NAM_A_FULL_3_5,D12_NAM_A_FULL,REAL,OCR_DERIVED,"102,192","102,192","102,192",true,true,0.0000,0.0000,false,DETERMINISTIC
bench_D12_NAM_A_FULL_3_6,D12_NAM_A_FULL,REAL,CROSS_FIELD_VALIDATED,"","","",true,true,0.0000,0.0000,false,DETERMINISTIC
bench_D12_NAM_A_FULL_3_7,D12_NAM_A_FULL,REAL,CROSS_FIELD_VALIDATED,"50,000","50,000","50,000",true,true,0.0000,0.0000,false,DETERMINISTIC
bench_D12_NAM_A_FULL_4_0,D12_NAM_A_FULL,REAL,CROSS_FIELD_VALIDATED,"32","32","32",true,true,0.0000,0.0000,false,DETERMINISTIC
bench_D12_NAM_A_FULL_4_1,D12_NAM_A_FULL,REAL,OCR_DERIVED,"25/08/2024","25/08/2024","25/08/2024",true,true,0.0000,0.0000,false,DETERMINISTIC
bench_D12_NAM_A_FULL_4_2,D12_NAM_A_FULL,REAL,OCR_DERIVED,"26/08/2024","26/08/2024","26/08/2024",true,true,0.0000,0.0000,false,DETERMINISTIC
bench_D12_NAM_A_FULL_4_3,D12_NAM_A_FULL,REAL,OCR_DERIVED,"919CV00VND 00001","919CV00VND 00001","919CV00VND 00001",true,true,0.0000,0.0000,false,DETERMINISTIC
bench_D12_NAM_A_FULL_4_4,D12_NAM_A_FULL,REAL,OCR_DERIVED,"[CUSTOMER_NAME_REDACTED] 91902******0001","[CUSTOMER_NAME_REDACTED] 91902******0001","[CUSTOMER_NAME_REDACTED] 91902******0001",true,true,0.0000,0.0000,false,DETERMINISTIC
bench_D12_NAM_A_FULL_4_5,D12_NAM_A_FULL,REAL,CROSS_FIELD_VALIDATED,"","","",true,true,0.0000,0.0000,false,DETERMINISTIC
bench_D12_NAM_A_FULL_4_6,D12_NAM_A_FULL,REAL,OCR_DERIVED,"52","52","52",true,true,0.0000,0.0000,false,DETERMINISTIC
bench_D12_NAM_A_FULL_4_7,D12_NAM_A_FULL,REAL,CROSS_FIELD_VALIDATED,"50,052","50,052","50,052",true,true,0.0000,0.0000,false,DETERMINISTIC
bench_D12_NAM_A_FULL_5_0,D12_NAM_A_FULL,REAL,CROSS_FIELD_VALIDATED,"33","33","33",true,true,0.0000,0.0000,false,DETERMINISTIC
bench_D12_NAM_A_FULL_5_1,D12_NAM_A_FULL,REAL,OCR_DERIVED,"26/08/2024","26/08/2024","26/08/2024",true,true,0.0000,0.0000,false,DETERMINISTIC
bench_D12_NAM_A_FULL_5_2,D12_NAM_A_FULL,REAL,OCR_DERIVED,"26/08/2024","26/08/2024","26/08/2024",true,true,0.0000,0.0000,false,DETERMINISTIC
bench_D12_NAM_A_FULL_5_3,D12_NAM_A_FULL,REAL,OCR_DERIVED,"919ZTRF242390RQH","919ZTRF242390RQH","919ZTRF242390RQH",true,true,0.0000,0.0000,false,DETERMINISTIC
bench_D12_NAM_A_FULL_5_4,D12_NAM_A_FULL,REAL,OCR_DERIVED,"Thu lãi khế ước 0257-01/2015/919 (919LRLDVND1500044) - [CUSTOMER_NAME_REDACTED] từ TK số 91902******0001","Thu lãi khế ước 0257-01/2015/919 (919LRLDVND1500044) - [CUSTOMER_NAME_REDACTED] từ TK số 91902******0001","Thu lãi khế ước 0257-01/2015/919 (919LRLDVND1500044) - [CUSTOMER_NAME_REDACTED] từ TK số 91902******0001",true,true,0.0000,0.0000,false,DETERMINISTIC
bench_D12_NAM_A_FULL_5_5,D12_NAM_A_FULL,REAL,OCR_DERIVED,"52","52","52",true,true,0.0000,0.0000,false,DETERMINISTIC
bench_D12_NAM_A_FULL_5_6,D12_NAM_A_FULL,REAL,CROSS_FIELD_VALIDATED,"","","",true,true,0.0000,0.0000,false,DETERMINISTIC
bench_D12_NAM_A_FULL_5_7,D12_NAM_A_FULL,REAL,CROSS_FIELD_VALIDATED,"50,000","50,000","50,000",true,true,0.0000,0.0000,false,DETERMINISTIC
bench_D12_NAM_A_FULL_6_0,D12_NAM_A_FULL,REAL,CROSS_FIELD_VALIDATED,"34","34","34",true,true,0.0000,0.0000,false,DETERMINISTIC
bench_D12_NAM_A_FULL_6_1,D12_NAM_A_FULL,REAL,OCR_DERIVED,"27/08/2024","27/08/2024","27/08/2024",true,true,0.0000,0.0000,false,DETERMINISTIC
bench_D12_NAM_A_FULL_6_2,D12_NAM_A_FULL,REAL,OCR_DERIVED,"27/08/2024","27/08/2024","27/08/2024",true,true,0.0000,0.0000,false,DETERMINISTIC
bench_D12_NAM_A_FULL_6_3,D12_NAM_A_FULL,REAL,OCR_DERIVED,"919ipgd24240N767","919ipgd24240N767","919ipgd24240N767",true,true,0.0000,0.0000,false,DETERMINISTIC
bench_D12_NAM_A_FULL_6_4,D12_NAM_A_FULL,REAL,OCR_DERIVED,"[CUSTOMER_NAME_REDACTED]","[CUSTOMER_NAME_REDACTED]","[CUSTOMER_NAME_REDACTED]",true,true,0.0000,0.0000,false,DETERMINISTIC
bench_D12_NAM_A_FULL_6_5,D12_NAM_A_FULL,REAL,OCR_DERIVED,"11,000","11,000","11,000",true,true,0.0000,0.0000,false,DETERMINISTIC
bench_D12_NAM_A_FULL_6_6,D12_NAM_A_FULL,REAL,CROSS_FIELD_VALIDATED,"","","",true,true,0.0000,0.0000,false,DETERMINISTIC
bench_D12_NAM_A_FULL_6_7,D12_NAM_A_FULL,REAL,CROSS_FIELD_VALIDATED,"39,000","39,000","39,000",true,true,0.0000,0.0000,false,DETERMINISTIC
bench_D12_NAM_A_FULL_7_0,D12_NAM_A_FULL,REAL,CROSS_FIELD_VALIDATED,"35","35","35",true,true,0.0000,0.0000,false,DETERMINISTIC
bench_D12_NAM_A_FULL_7_1,D12_NAM_A_FULL,REAL,OCR_DERIVED,"29/08/2024","29/08/2024","29/08/2024",true,true,0.0000,0.0000,false,DETERMINISTIC
bench_D12_NAM_A_FULL_7_2,D12_NAM_A_FULL,REAL,OCR_DERIVED,"29/08/2024","29/08/2024","29/08/2024",true,true,0.0000,0.0000,false,DETERMINISTIC
bench_D12_NAM_A_FULL_7_3,D12_NAM_A_FULL,REAL,OCR_DERIVED,"919NAP224242W21H","919NAP224242W21H","919NAP224242W21H",true,true,0.0000,0.0000,false,DETERMINISTIC
bench_D12_NAM_A_FULL_7_4,D12_NAM_A_FULL,REAL,OCR_DERIVED,"NOP TIEN-290824-17:05:23 856870","NOP TIEN-290824-17:05:23 856870","NOP TIEN-290824-17:05:23 856870",true,true,0.0000,0.0000,false,DETERMINISTIC
bench_D12_NAM_A_FULL_7_5,D12_NAM_A_FULL,REAL,CROSS_FIELD_VALIDATED,"","","",true,true,0.0000,0.0000,false,DETERMINISTIC
bench_D12_NAM_A_FULL_7_6,D12_NAM_A_FULL,REAL,OCR_DERIVED,"12,600,000","12,600,000","12,600,000",true,true,0.0000,0.0000,false,DETERMINISTIC
bench_D12_NAM_A_FULL_7_7,D12_NAM_A_FULL,REAL,CROSS_FIELD_VALIDATED,"12,639,000","12,639,000","12,639,000",true,true,0.0000,0.0000,false,DETERMINISTIC
bench_D12_NAM_A_FULL_8_0,D12_NAM_A_FULL,REAL,CROSS_FIELD_VALIDATED,"36","36","36",true,true,0.0000,0.0000,false,DETERMINISTIC
bench_D12_NAM_A_FULL_8_1,D12_NAM_A_FULL,REAL,OCR_DERIVED,"29/08/2024","29/08/2024","29/08/2024",true,true,0.0000,0.0000,false,DETERMINISTIC
bench_D12_NAM_A_FULL_8_2,D12_NAM_A_FULL,REAL,OCR_DERIVED,"29/08/2024","29/08/2024","29/08/2024",true,true,0.0000,0.0000,false,DETERMINISTIC
bench_D12_NAM_A_FULL_8_3,D12_NAM_A_FULL,REAL,OCR_DERIVED,"919ZTRF242420SHN","919ZTRF242420SHN","919ZTRF242420SHN",true,true,0.0000,0.0000,false,DETERMINISTIC
bench_D12_NAM_A_FULL_8_4,D12_NAM_A_FULL,REAL,OCR_DERIVED,"Thu vốn khế ước 0257-01/2015/919 (919LRLDVND1500044) - [CUSTOMER_NAME_REDACTED] từ TK số 91902******0001","Thu vốn khế ước 0257-01/2015/919 (919LRLDVND1500044) - [CUSTOMER_NAME_REDACTED] từ TK số 91902******0001","Thu vốn khế ước 0257-01/2015/919 (919LRLDVND1500044) - [CUSTOMER_NAME_REDACTED] từ TK số 91902******0001",true,true,0.0000,0.0000,false,DETERMINISTIC
bench_D12_NAM_A_FULL_8_5,D12_NAM_A_FULL,REAL,OCR_DERIVED,"6,940,000","6,940,000","6,940,000",true,true,0.0000,0.0000,false,DETERMINISTIC
bench_D12_NAM_A_FULL_8_6,D12_NAM_A_FULL,REAL,CROSS_FIELD_VALIDATED,"","","",true,true,0.0000,0.0000,false,DETERMINISTIC
bench_D12_NAM_A_FULL_8_7,D12_NAM_A_FULL,REAL,CROSS_FIELD_VALIDATED,"5,699,000","5,699,000","5,699,000",true,true,0.0000,0.0000,false,DETERMINISTIC
bench_D12_NAM_A_FULL_9_0,D12_NAM_A_FULL,REAL,CROSS_FIELD_VALIDATED,"37","37","37",true,true,0.0000,0.0000,false,DETERMINISTIC
bench_D12_NAM_A_FULL_9_1,D12_NAM_A_FULL,REAL,OCR_DERIVED,"29/08/2024","29/08/2024","29/08/2024",true,true,0.0000,0.0000,false,DETERMINISTIC
bench_D12_NAM_A_FULL_9_2,D12_NAM_A_FULL,REAL,OCR_DERIVED,"29/08/2024","29/08/2024","29/08/2024",true,true,0.0000,0.0000,false,DETERMINISTIC
bench_D12_NAM_A_FULL_9_3,D12_NAM_A_FULL,REAL,OCR_DERIVED,"919ZTRF242420SHP","919ZTRF242420SHP","919ZTRF242420SHP",true,true,0.0000,0.0000,false,DETERMINISTIC
bench_D12_NAM_A_FULL_9_4,D12_NAM_A_FULL,REAL,OCR_DERIVED,"Thu lãi khế ước 0257-01/2015/919 (919LRLDVND1500044) - [CUSTOMER_NAME_REDACTED] từ TK số 91902******0001","Thu lãi khế ước 0257-01/2015/919 (919LRLDVND1500044) - [CUSTOMER_NAME_REDACTED] từ TK số 91902******0001","Thu lãi khế ước 0257-01/2015/919 (919LRLDVND1500044) - [CUSTOMER_NAME_REDACTED] từ TK số 91902******0001",true,true,0.0000,0.0000,false,DETERMINISTIC
bench_D12_NAM_A_FULL_9_5,D12_NAM_A_FULL,REAL,OCR_DERIVED,"5,622,657","5,622,657","5,622,657",true,true,0.0000,0.0000,false,DETERMINISTIC
bench_D12_NAM_A_FULL_9_6,D12_NAM_A_FULL,REAL,CROSS_FIELD_VALIDATED,"","","",true,true,0.0000,0.0000,false,DETERMINISTIC
bench_D12_NAM_A_FULL_9_7,D12_NAM_A_FULL,REAL,CROSS_FIELD_VALIDATED,"76,343","76,343","76,343",true,true,0.0000,0.0000,false,DETERMINISTIC
bench_D12_NAM_A_FULL_10_0,D12_NAM_A_FULL,REAL,CROSS_FIELD_VALIDATED,"38","38","38",true,true,0.0000,0.0000,false,DETERMINISTIC
bench_D12_NAM_A_FULL_10_1,D12_NAM_A_FULL,REAL,OCR_DERIVED,"29/08/2024","29/08/2024","29/08/2024",true,true,0.0000,0.0000,false,DETERMINISTIC
bench_D12_NAM_A_FULL_10_2,D12_NAM_A_FULL,REAL,OCR_DERIVED,"29/08/2024","29/08/2024","29/08/2024",true,true,0.0000,0.0000,false,DETERMINISTIC
bench_D12_NAM_A_FULL_10_3,D12_NAM_A_FULL,REAL,OCR_DERIVED,"919ZTRF242420SHR","919ZTRF242420SHR","919ZTRF242420SHR",true,true,0.0000,0.0000,false,DETERMINISTIC
bench_D12_NAM_A_FULL_10_4,D12_NAM_A_FULL,REAL,OCR_DERIVED,"Thu lãi khế ước 0257-01/2015/919 (919LRLDVND1500044) - [CUSTOMER_NAME_REDACTED] từ TK số 91902******0001","Thu lãi khế ước 0257-01/2015/919 (919LRLDVND1500044) - [CUSTOMER_NAME_REDACTED] từ TK số 91902******0001","Thu lãi khế ước 0257-01/2015/919 (919LRLDVND1500044) - [CUSTOMER_NAME_REDACTED] từ TK số 91902******0001",true,true,0.0000,0.0000,false,DETERMINISTIC
bench_D12_NAM_A_FULL_10_5,D12_NAM_A_FULL,REAL,OCR_DERIVED,"26,343","26,343","26,343",true,true,0.0000,0.0000,false,DETERMINISTIC
bench_D12_NAM_A_FULL_10_6,D12_NAM_A_FULL,REAL,CROSS_FIELD_VALIDATED,"","","",true,true,0.0000,0.0000,false,DETERMINISTIC
bench_D12_NAM_A_FULL_10_7,D12_NAM_A_FULL,REAL,CROSS_FIELD_VALIDATED,"50,000","50,000","50,000",true,true,0.0000,0.0000,false,DETERMINISTIC
bench_D12_NAM_A_FULL_11_0,D12_NAM_A_FULL,REAL,CROSS_FIELD_VALIDATED,"39","39","39",true,true,0.0000,0.0000,false,DETERMINISTIC
bench_D12_NAM_A_FULL_11_1,D12_NAM_A_FULL,REAL,OCR_DERIVED,"30/08/2024","30/08/2024","30/08/2024",true,true,0.0000,0.0000,false,DETERMINISTIC
bench_D12_NAM_A_FULL_11_2,D12_NAM_A_FULL,REAL,OCR_DERIVED,"30/08/2024","30/08/2024","30/08/2024",true,true,0.0000,0.0000,false,DETERMINISTIC
bench_D12_NAM_A_FULL_11_3,D12_NAM_A_FULL,REAL,OCR_DERIVED,"919ZTRF242430SPX","919ZTRF242430SPX","919ZTRF242430SPX",true,true,0.0000,0.0000,false,DETERMINISTIC
bench_D12_NAM_A_FULL_11_4,D12_NAM_A_FULL,REAL,OCR_DERIVED,"Thu lãi khế ước 0257-01/2015/919 (919LRLDVND1500044) - [CUSTOMER_NAME_REDACTED] từ TK số 91902******0001","Thu lãi khế ước 0257-01/2015/919 (919LRLDVND1500044) - [CUSTOMER_NAME_REDACTED] từ TK số 91902******0001","Thu lãi khế ước 0257-01/2015/919 (919LRLDVND1500044) - [CUSTOMER_NAME_REDACTED] từ TK số 91902******0001",true,true,0.0000,0.0000,false,DETERMINISTIC
bench_D12_NAM_A_FULL_11_5,D12_NAM_A_FULL,REAL,OCR_DERIVED,"4","4","4",true,true,0.0000,0.0000,false,DETERMINISTIC
bench_D12_NAM_A_FULL_11_6,D12_NAM_A_FULL,REAL,CROSS_FIELD_VALIDATED,"","","",true,true,0.0000,0.0000,false,DETERMINISTIC
bench_D12_NAM_A_FULL_11_7,D12_NAM_A_FULL,REAL,CROSS_FIELD_VALIDATED,"49,996","49,996","49,996",true,true,0.0000,0.0000,false,DETERMINISTIC
bench_D12_NAM_A_FULL_12_0,D12_NAM_A_FULL,REAL,CROSS_FIELD_VALIDATED,"40","40","40",true,true,0.0000,0.0000,false,DETERMINISTIC
bench_D12_NAM_A_FULL_12_1,D12_NAM_A_FULL,REAL,OCR_DERIVED,"30/08/2024","30/08/2024","30/08/2024",true,true,0.0000,0.0000,false,DETERMINISTIC
bench_D12_NAM_A_FULL_12_2,D12_NAM_A_FULL,REAL,OCR_DERIVED,"30/08/2024","30/08/2024","30/08/2024",true,true,0.0000,0.0000,false,DETERMINISTIC
bench_D12_NAM_A_FULL_12_3,D12_NAM_A_FULL,REAL,OCR_DERIVED,"919ZTRF242430SPV","919ZTRF242430SPV","919ZTRF242430SPV",true,true,0.0000,0.0000,false,DETERMINISTIC
bench_D12_NAM_A_FULL_12_4,D12_NAM_A_FULL,REAL,OCR_DERIVED,"Thu lãi khế ước 0257-01/2015/919 (919LRLDVND1500044) - [CUSTOMER_NAME_REDACTED] từ TK số 91902******0001","Thu lãi khế ước 0257-01/2015/919 (919LRLDVND1500044) - [CUSTOMER_NAME_REDACTED] từ TK số 91902******0001","Thu lãi khế ước 0257-01/2015/919 (919LRLDVND1500044) - [CUSTOMER_NAME_REDACTED] từ TK số 91902******0001",true,true,0.0000,0.0000,false,DETERMINISTIC
bench_D12_NAM_A_FULL_12_5,D12_NAM_A_FULL,REAL,OCR_DERIVED,"6,555","6,555","6,555",true,true,0.0000,0.0000,false,DETERMINISTIC
bench_D12_NAM_A_FULL_12_6,D12_NAM_A_FULL,REAL,CROSS_FIELD_VALIDATED,"","","",true,true,0.0000,0.0000,false,DETERMINISTIC
bench_D12_NAM_A_FULL_12_7,D12_NAM_A_FULL,REAL,CROSS_FIELD_VALIDATED,"43,441","43,441","43,441",true,true,0.0000,0.0000,false,DETERMINISTIC
bench_D12_NAM_A_FULL_13_0,D12_NAM_A_FULL,REAL,CROSS_FIELD_VALIDATED,"41","41","41",true,true,0.0000,0.0000,false,DETERMINISTIC
bench_D12_NAM_A_FULL_13_1,D12_NAM_A_FULL,REAL,OCR_DERIVED,"04/09/2024","04/09/2024","04/09/2024",true,true,0.0000,0.0000,false,DETERMINISTIC
bench_D12_NAM_A_FULL_13_2,D12_NAM_A_FULL,REAL,OCR_DERIVED,"04/09/2024","04/09/2024","04/09/2024",true,true,0.0000,0.0000,false,DETERMINISTIC
bench_D12_NAM_A_FULL_13_3,D12_NAM_A_FULL,REAL,OCR_DERIVED,"919GL3024248D02P","919GL3024248D02P","919GL3024248D02P",true,true,0.0000,0.0000,false,DETERMINISTIC
bench_D12_NAM_A_FULL_13_4,D12_NAM_A_FULL,REAL,OCR_DERIVED,"SYSTEM#[CUSTOMER_NAME_REDACTED] 082024 SDT 84932****766","SYSTEM#[CUSTOMER_NAME_REDACTED] 082024 SDT 84932****766","SYSTEM#[CUSTOMER_NAME_REDACTED] 082024 SDT 84932****766",true,true,0.0000,0.0000,false,DETERMINISTIC
bench_D12_NAM_A_FULL_13_5,D12_NAM_A_FULL,REAL,OCR_DERIVED,"12,000","12,000","12,000",true,true,0.0000,0.0000,false,DETERMINISTIC
bench_D12_NAM_A_FULL_13_6,D12_NAM_A_FULL,REAL,CROSS_FIELD_VALIDATED,"","","",true,true,0.0000,0.0000,false,DETERMINISTIC
bench_D12_NAM_A_FULL_13_7,D12_NAM_A_FULL,REAL,CROSS_FIELD_VALIDATED,"31,441","31,441","31,441",true,true,0.0000,0.0000,false,DETERMINISTIC
bench_D12_NAM_A_FULL_14_0,D12_NAM_A_FULL,REAL,CROSS_FIELD_VALIDATED,"42","42","42",true,true,0.0000,0.0000,false,DETERMINISTIC
bench_D12_NAM_A_FULL_14_1,D12_NAM_A_FULL,REAL,OCR_DERIVED,"04/09/2024","04/09/2024","04/09/2024",true,true,0.0000,0.0000,false,DETERMINISTIC
bench_D12_NAM_A_FULL_14_2,D12_NAM_A_FULL,REAL,OCR_DERIVED,"04/09/2024","04/09/2024","04/09/2024",true,true,0.0000,0.0000,false,DETERMINISTIC
bench_D12_NAM_A_FULL_14_3,D12_NAM_A_FULL,REAL,OCR_DERIVED,"919GL3024248D02P","919GL3024248D02P","919GL3024248D02P",true,true,0.0000,0.0000,false,DETERMINISTIC
bench_D12_NAM_A_FULL_14_4,D12_NAM_A_FULL,REAL,OCR_DERIVED,"SYSTEM#[CUSTOMER_NAME_REDACTED] 082024 SDT 84932****766","SYSTEM#[CUSTOMER_NAME_REDACTED] 082024 SDT 84932****766","SYSTEM#[CUSTOMER_NAME_REDACTED] 082024 SDT 84932****766",true,true,0.0000,0.0000,false,DETERMINISTIC
bench_D12_NAM_A_FULL_14_5,D12_NAM_A_FULL,REAL,OCR_DERIVED,"1,200","1,200","1,200",true,true,0.0000,0.0000,false,DETERMINISTIC
bench_D12_NAM_A_FULL_14_6,D12_NAM_A_FULL,REAL,CROSS_FIELD_VALIDATED,"","","",true,true,0.0000,0.0000,false,DETERMINISTIC
bench_D12_NAM_A_FULL_14_7,D12_NAM_A_FULL,REAL,CROSS_FIELD_VALIDATED,"30,241","30,241","30,241",true,true,0.0000,0.0000,false,DETERMINISTIC
bench_D12_NAM_A_FULL_15_0,D12_NAM_A_FULL,REAL,CROSS_FIELD_VALIDATED,"43","43","43",true,true,0.0000,0.0000,false,DETERMINISTIC
bench_D12_NAM_A_FULL_15_1,D12_NAM_A_FULL,REAL,OCR_DERIVED,"25/09/2024","25/09/2024","25/09/2024",true,true,0.0000,0.0000,false,DETERMINISTIC
bench_D12_NAM_A_FULL_15_2,D12_NAM_A_FULL,REAL,OCR_DERIVED,"26/09/2024","26/09/2024","26/09/2024",true,true,0.0000,0.0000,false,DETERMINISTIC
bench_D12_NAM_A_FULL_15_3,D12_NAM_A_FULL,REAL,OCR_DERIVED,"919CV00VND 00001","919CV00VND 00001","919CV00VND 00001",true,true,0.0000,0.0000,false,DETERMINISTIC
bench_D12_NAM_A_FULL_15_4,D12_NAM_A_FULL,REAL,OCR_DERIVED,"[CUSTOMER_NAME_REDACTED] 91902******0001","[CUSTOMER_NAME_REDACTED] 91902******0001","[CUSTOMER_NAME_REDACTED] 91902******0001",true,true,0.0000,0.0000,false,DETERMINISTIC
bench_D12_NAM_A_FULL_15_5,D12_NAM_A_FULL,REAL,CROSS_FIELD_VALIDATED,"","","",true,true,0.0000,0.0000,false,DETERMINISTIC
bench_D12_NAM_A_FULL_15_6,D12_NAM_A_FULL,REAL,OCR_DERIVED,"15","15","15",true,true,0.0000,0.0000,false,DETERMINISTIC
bench_D12_NAM_A_FULL_15_7,D12_NAM_A_FULL,REAL,CROSS_FIELD_VALIDATED,"30,256","30,256","30,256",true,true,0.0000,0.0000,false,DETERMINISTIC
bench_D12_NAM_A_FULL_16_0,D12_NAM_A_FULL,REAL,CROSS_FIELD_VALIDATED,"44","44","44",true,true,0.0000,0.0000,false,DETERMINISTIC
bench_D12_NAM_A_FULL_16_1,D12_NAM_A_FULL,REAL,OCR_DERIVED,"27/09/2024","27/09/2024","27/09/2024",true,true,0.0000,0.0000,false,DETERMINISTIC
bench_D12_NAM_A_FULL_16_2,D12_NAM_A_FULL,REAL,OCR_DERIVED,"27/09/2024","27/09/2024","27/09/2024",true,true,0.0000,0.0000,false,DETERMINISTIC
bench_D12_NAM_A_FULL_16_3,D12_NAM_A_FULL,REAL,OCR_DERIVED,"919q23824271C301","919q23824271C301","919q23824271C301",true,true,0.0000,0.0000,false,DETERMINISTIC
bench_D12_NAM_A_FULL_16_4,D12_NAM_A_FULL,REAL,OCR_DERIVED,"[CUSTOMER_NAME_REDACTED]","[CUSTOMER_NAME_REDACTED]","[CUSTOMER_NAME_REDACTED]",true,true,0.0000,0.0000,false,DETERMINISTIC
bench_D12_NAM_A_FULL_16_5,D12_NAM_A_FULL,REAL,OCR_DERIVED,"11,000","11,000","11,000",true,true,0.0000,0.0000,false,DETERMINISTIC
bench_D12_NAM_A_FULL_16_6,D12_NAM_A_FULL,REAL,CROSS_FIELD_VALIDATED,"","","",true,true,0.0000,0.0000,false,DETERMINISTIC
bench_D12_NAM_A_FULL_16_7,D12_NAM_A_FULL,REAL,CROSS_FIELD_VALIDATED,"19,256","19,256","19,256",true,true,0.0000,0.0000,false,DETERMINISTIC
bench_D12_NAM_A_FULL_17_0,D12_NAM_A_FULL,REAL,CROSS_FIELD_VALIDATED,"45","45","45",true,true,0.0000,0.0000,false,DETERMINISTIC
bench_D12_NAM_A_FULL_17_1,D12_NAM_A_FULL,REAL,OCR_DERIVED,"03/10/2024","03/10/2024","03/10/2024",true,true,0.0000,0.0000,false,DETERMINISTIC
bench_D12_NAM_A_FULL_17_2,D12_NAM_A_FULL,REAL,OCR_DERIVED,"03/10/2024","03/10/2024","03/10/2024",true,true,0.0000,0.0000,false,DETERMINISTIC
bench_D12_NAM_A_FULL_17_3,D12_NAM_A_FULL,REAL,OCR_DERIVED,"919NAP224277X4YW","919NAP224277X4YW","919NAP224277X4YW",true,true,0.0000,0.0000,false,DETERMINISTIC
bench_D12_NAM_A_FULL_17_4,D12_NAM_A_FULL,REAL,OCR_DERIVED,"NOP TIEN-031024-14:23:22 127800","NOP TIEN-031024-14:23:22 127800","NOP TIEN-031024-14:23:22 127800",true,true,0.0000,0.0000,false,DETERMINISTIC
bench_D12_NAM_A_FULL_17_5,D12_NAM_A_FULL,REAL,CROSS_FIELD_VALIDATED,"","","",true,true,0.0000,0.0000,false,DETERMINISTIC
bench_D12_NAM_A_FULL_17_6,D12_NAM_A_FULL,REAL,OCR_DERIVED,"12,500,000","12,500,000","12,500,000",true,true,0.0000,0.0000,false,DETERMINISTIC
bench_D12_NAM_A_FULL_17_7,D12_NAM_A_FULL,REAL,CROSS_FIELD_VALIDATED,"12,519,256","12,519,256","12,519,256",true,true,0.0000,0.0000,false,DETERMINISTIC
bench_D12_NAM_A_FULL_18_0,D12_NAM_A_FULL,REAL,CROSS_FIELD_VALIDATED,"46","46","46",true,true,0.0000,0.0000,false,DETERMINISTIC
bench_D12_NAM_A_FULL_18_1,D12_NAM_A_FULL,REAL,OCR_DERIVED,"03/10/2024","03/10/2024","03/10/2024",true,true,0.0000,0.0000,false,DETERMINISTIC
bench_D12_NAM_A_FULL_18_2,D12_NAM_A_FULL,REAL,OCR_DERIVED,"03/10/2024","03/10/2024","03/10/2024",true,true,0.0000,0.0000,false,DETERMINISTIC
bench_D12_NAM_A_FULL_18_3,D12_NAM_A_FULL,REAL,OCR_DERIVED,"919NAP224277X4Z7","919NAP224277X4Z7","919NAP224277X4Z7",true,true,0.0000,0.0000,false,DETERMINISTIC
bench_D12_NAM_A_FULL_18_4,D12_NAM_A_FULL,REAL,OCR_DERIVED,"NOP TIEN-031024-14:36:04 144804","NOP TIEN-031024-14:36:04 144804","NOP TIEN-031024-14:36:04 144804",true,true,0.0000,0.0000,false,DETERMINISTIC
bench_D12_NAM_A_FULL_18_5,D12_NAM_A_FULL,REAL,CROSS_FIELD_VALIDATED,"","","",true,true,0.0000,0.0000,false,DETERMINISTIC
bench_D12_NAM_A_FULL_18_6,D12_NAM_A_FULL,REAL,OCR_DERIVED,"200,000","200,000","200,000",true,true,0.0000,0.0000,false,DETERMINISTIC
bench_D12_NAM_A_FULL_18_7,D12_NAM_A_FULL,REAL,CROSS_FIELD_VALIDATED,"12,719,256","12,719,256","12,719,256",true,true,0.0000,0.0000,false,DETERMINISTIC
bench_D12_NAM_A_FULL_19_0,D12_NAM_A_FULL,REAL,CROSS_FIELD_VALIDATED,"47","47","47",true,true,0.0000,0.0000,false,DETERMINISTIC
bench_D12_NAM_A_FULL_19_1,D12_NAM_A_FULL,REAL,OCR_DERIVED,"03/10/2024","03/10/2024","03/10/2024",true,true,0.0000,0.0000,false,DETERMINISTIC
bench_D12_NAM_A_FULL_19_2,D12_NAM_A_FULL,REAL,OCR_DERIVED,"03/10/2024","03/10/2024","03/10/2024",true,true,0.0000,0.0000,false,DETERMINISTIC
bench_D12_NAM_A_FULL_19_3,D12_NAM_A_FULL,REAL,OCR_DERIVED,"919ZTRF2427710CL","919ZTRF2427710CL","919ZTRF2427710CL",true,true,0.0000,0.0000,false,DETERMINISTIC
bench_D12_NAM_A_FULL_19_4,D12_NAM_A_FULL,REAL,OCR_DERIVED,"Thu vốn khế ước 0257-01/2015/919 (919LRLDVND1500044) - [CUSTOMER_NAME_REDACTED] từ TK số 91902******0001","Thu vốn khế ước 0257-01/2015/919 (919LRLDVND1500044) - [CUSTOMER_NAME_REDACTED] từ TK số 91902******0001","Thu vốn khế ước 0257-01/2015/919 (919LRLDVND1500044) - [CUSTOMER_NAME_REDACTED] từ TK số 91902******0001",true,true,0.0000,0.0000,false,DETERMINISTIC
bench_D12_NAM_A_FULL_19_5,D12_NAM_A_FULL,REAL,OCR_DERIVED,"6,940,000","6,940,000","6,940,000",true,true,0.0000,0.0000,false,DETERMINISTIC
bench_D12_NAM_A_FULL_19_6,D12_NAM_A_FULL,REAL,CROSS_FIELD_VALIDATED,"","","",true,true,0.0000,0.0000,false,DETERMINISTIC
bench_D12_NAM_A_FULL_19_7,D12_NAM_A_FULL,REAL,CROSS_FIELD_VALIDATED,"5,779,256","5,779,256","5,779,256",true,true,0.0000,0.0000,false,DETERMINISTIC
bench_D12_NAM_A_FULL_20_0,D12_NAM_A_FULL,REAL,CROSS_FIELD_VALIDATED,"48","48","48",true,true,0.0000,0.0000,false,DETERMINISTIC
bench_D12_NAM_A_FULL_20_1,D12_NAM_A_FULL,REAL,OCR_DERIVED,"03/10/2024","03/10/2024","03/10/2024",true,true,0.0000,0.0000,false,DETERMINISTIC
bench_D12_NAM_A_FULL_20_2,D12_NAM_A_FULL,REAL,OCR_DERIVED,"03/10/2024","03/10/2024","03/10/2024",true,true,0.0000,0.0000,false,DETERMINISTIC
bench_D12_NAM_A_FULL_20_3,D12_NAM_A_FULL,REAL,OCR_DERIVED,"919ZTRF2427710CN","919ZTRF2427710CN","919ZTRF2427710CN",true,true,0.0000,0.0000,false,DETERMINISTIC
bench_D12_NAM_A_FULL_20_4,D12_NAM_A_FULL,REAL,OCR_DERIVED,"Thu lãi khế ước 0257-01/2015/919 (919LRLDVND1500044) - [CUSTOMER_NAME_REDACTED] từ TK số 91902******0001","Thu lãi khế ước 0257-01/2015/919 (919LRLDVND1500044) - [CUSTOMER_NAME_REDACTED] từ TK số 91902******0001","Thu lãi khế ước 0257-01/2015/919 (919LRLDVND1500044) - [CUSTOMER_NAME_REDACTED] từ TK số 91902******0001",true,true,0.0000,0.0000,false,DETERMINISTIC
bench_D12_NAM_A_FULL_20_5,D12_NAM_A_FULL,REAL,OCR_DERIVED,"5,656,105","5,656,105","5,656,105",true,true,0.0000,0.0000,false,DETERMINISTIC
bench_D12_NAM_A_FULL_20_6,D12_NAM_A_FULL,REAL,CROSS_FIELD_VALIDATED,"","","",true,true,0.0000,0.0000,false,DETERMINISTIC
bench_D12_NAM_A_FULL_20_7,D12_NAM_A_FULL,REAL,CROSS_FIELD_VALIDATED,"123,151","123,151","123,151",true,true,0.0000,0.0000,false,DETERMINISTIC
bench_D12_NAM_A_FULL_21_0,D12_NAM_A_FULL,REAL,CROSS_FIELD_VALIDATED,"49","49","49",true,true,0.0000,0.0000,false,DETERMINISTIC
bench_D12_NAM_A_FULL_21_1,D12_NAM_A_FULL,REAL,OCR_DERIVED,"03/10/2024","03/10/2024","03/10/2024",true,true,0.0000,0.0000,false,DETERMINISTIC
bench_D12_NAM_A_FULL_21_2,D12_NAM_A_FULL,REAL,OCR_DERIVED,"03/10/2024","03/10/2024","03/10/2024",true,true,0.0000,0.0000,false,DETERMINISTIC
bench_D12_NAM_A_FULL_21_3,D12_NAM_A_FULL,REAL,OCR_DERIVED,"919ZTRF2427710CP","919ZTRF2427710CP","919ZTRF2427710CP",true,true,0.0000,0.0000,false,DETERMINISTIC
bench_D12_NAM_A_FULL_21_4,D12_NAM_A_FULL,REAL,OCR_DERIVED,"Thu lãi khế ước 0257-01/2015/919 (919LRLDVND1500044) - [CUSTOMER_NAME_REDACTED] từ TK số 91902******0001","Thu lãi khế ước 0257-01/2015/919 (919LRLDVND1500044) - [CUSTOMER_NAME_REDACTED] từ TK số 91902******0001","Thu lãi khế ước 0257-01/2015/919 (919LRLDVND1500044) - [CUSTOMER_NAME_REDACTED] từ TK số 91902******0001",true,true,0.0000,0.0000,false,DETERMINISTIC
bench_D12_NAM_A_FULL_21_5,D12_NAM_A_FULL,REAL,OCR_DERIVED,"52,904","52,904","52,904",true,true,0.0000,0.0000,false,DETERMINISTIC
bench_D12_NAM_A_FULL_21_6,D12_NAM_A_FULL,REAL,CROSS_FIELD_VALIDATED,"","","",true,true,0.0000,0.0000,false,DETERMINISTIC
bench_D12_NAM_A_FULL_21_7,D12_NAM_A_FULL,REAL,CROSS_FIELD_VALIDATED,"70,247","70,247","70,247",true,true,0.0000,0.0000,false,DETERMINISTIC
bench_D12_NAM_A_FULL_22_0,D12_NAM_A_FULL,REAL,CROSS_FIELD_VALIDATED,"50","50","50",true,true,0.0000,0.0000,false,DETERMINISTIC
bench_D12_NAM_A_FULL_22_1,D12_NAM_A_FULL,REAL,OCR_DERIVED,"24/10/2024","24/10/2024","24/10/2024",true,true,0.0000,0.0000,false,DETERMINISTIC
bench_D12_NAM_A_FULL_22_2,D12_NAM_A_FULL,REAL,OCR_DERIVED,"24/10/2024","24/10/2024","24/10/2024",true,true,0.0000,0.0000,false,DETERMINISTIC
bench_D12_NAM_A_FULL_22_3,D12_NAM_A_FULL,REAL,OCR_DERIVED,"919NAP224298Y4GJ","919NAP224298Y4GJ","919NAP224298Y4GJ",true,true,0.0000,0.0000,false,DETERMINISTIC
bench_D12_NAM_A_FULL_22_4,D12_NAM_A_FULL,REAL,OCR_DERIVED,"NOP TIEN-241024-21:07:56 931418","NOP TIEN-241024-21:07:56 931418","NOP TIEN-241024-21:07:56 931418",true,true,0.0000,0.0000,false,DETERMINISTIC
bench_D12_NAM_A_FULL_22_5,D12_NAM_A_FULL,REAL,CROSS_FIELD_VALIDATED,"","","",true,true,0.0000,0.0000,false,DETERMINISTIC
bench_D12_NAM_A_FULL_22_6,D12_NAM_A_FULL,REAL,OCR_DERIVED,"13,000,000","13,000,000","13,000,000",true,true,0.0000,0.0000,false,DETERMINISTIC
bench_D12_NAM_A_FULL_22_7,D12_NAM_A_FULL,REAL,CROSS_FIELD_VALIDATED,"13,070,247","13,070,247","13,070,247",true,true,0.0000,0.0000,false,DETERMINISTIC
bench_D12_NAM_A_FULL_23_0,D12_NAM_A_FULL,REAL,CROSS_FIELD_VALIDATED,"51","51","51",true,true,0.0000,0.0000,false,DETERMINISTIC
bench_D12_NAM_A_FULL_23_1,D12_NAM_A_FULL,REAL,OCR_DERIVED,"25/10/2024","25/10/2024","25/10/2024",true,true,0.0000,0.0000,false,DETERMINISTIC
bench_D12_NAM_A_FULL_23_2,D12_NAM_A_FULL,REAL,OCR_DERIVED,"25/10/2024","25/10/2024","25/10/2024",true,true,0.0000,0.0000,false,DETERMINISTIC
bench_D12_NAM_A_FULL_23_3,D12_NAM_A_FULL,REAL,OCR_DERIVED,"919ZTRF242991500","919ZTRF242991500","919ZTRF242991500",true,true,0.0000,0.0000,false,DETERMINISTIC
bench_D12_NAM_A_FULL_23_4,D12_NAM_A_FULL,REAL,OCR_DERIVED,"Thu vốn khế ước 0257-01/2015/919 (919LRLDVND1500044) - [CUSTOMER_NAME_REDACTED] từ TK số 91902******0001","Thu vốn khế ước 0257-01/2015/919 (919LRLDVND1500044) - [CUSTOMER_NAME_REDACTED] từ TK số 91902******0001","Thu vốn khế ước 0257-01/2015/919 (919LRLDVND1500044) - [CUSTOMER_NAME_REDACTED] từ TK số 91902******0001",true,true,0.0000,0.0000,false,DETERMINISTIC
bench_D12_NAM_A_FULL_23_5,D12_NAM_A_FULL,REAL,OCR_DERIVED,"6,940,000","6,940,000","6,940,000",true,true,0.0000,0.0000,false,DETERMINISTIC
bench_D12_NAM_A_FULL_23_6,D12_NAM_A_FULL,REAL,CROSS_FIELD_VALIDATED,"","","",true,true,0.0000,0.0000,false,DETERMINISTIC
bench_D12_NAM_A_FULL_23_7,D12_NAM_A_FULL,REAL,CROSS_FIELD_VALIDATED,"6,130,247","6,130,247","6,130,247",true,true,0.0000,0.0000,false,DETERMINISTIC
bench_D12_NAM_A_FULL_24_0,D12_NAM_A_FULL,REAL,SOURCE_IMAGE_VERIFIED,"52","52","52",true,true,0.0000,0.0000,false,DETERMINISTIC
bench_D12_NAM_A_FULL_24_1,D12_NAM_A_FULL,REAL,SOURCE_IMAGE_VERIFIED,"25/10/2024","25/10/2024","25/10/2024",true,true,0.0000,0.0000,false,DETERMINISTIC
bench_D12_NAM_A_FULL_24_2,D12_NAM_A_FULL,REAL,SOURCE_IMAGE_VERIFIED,"25/10/2024","25/10/2024","25/10/2024",true,true,0.0000,0.0000,false,DETERMINISTIC
bench_D12_NAM_A_FULL_24_3,D12_NAM_A_FULL,REAL,SOURCE_IMAGE_VERIFIED,"919ZTRF242991502","919ZTRF2429915O2","919ZTRF242991502",false,true,0.0625,0.0000,true,SECONDARY_OCR
bench_D12_NAM_A_FULL_24_4,D12_NAM_A_FULL,REAL,SOURCE_IMAGE_VERIFIED,"Thu lãi khế ước 0257-01/2015/919 (919LRLDVND1500044) - [CUSTOMER_NAME_REDACTED] từ TK số 91902******0001","Thu lãi khế ước 0257-01/2015/919 (919LRLDVND1500044) - [CUSTOMER_NAME_REDACTED] từ TK số 91902******0001","Thu lãi khế ước 0257-01/2015/919 (919LRLDVND1500044) - [CUSTOMER_NAME_REDACTED] từ TK số 91902******0001",true,true,0.0000,0.0000,false,DETERMINISTIC
bench_D12_NAM_A_FULL_24_5,D12_NAM_A_FULL,REAL,SOURCE_IMAGE_VERIFIED,"5,400,780","5,400,780","5,400,780",true,true,0.0000,0.0000,false,DETERMINISTIC
bench_D12_NAM_A_FULL_24_6,D12_NAM_A_FULL,REAL,CROSS_FIELD_VALIDATED,"","","",true,true,0.0000,0.0000,false,DETERMINISTIC
bench_D12_NAM_A_FULL_24_7,D12_NAM_A_FULL,REAL,CROSS_FIELD_VALIDATED,"729,467","729,467","729,467",true,true,0.0000,0.0000,false,DETERMINISTIC
bench_D12_NAM_A_FULL_25_0,D12_NAM_A_FULL,REAL,SOURCE_IMAGE_VERIFIED,"53","53","53",true,true,0.0000,0.0000,false,DETERMINISTIC
bench_D12_NAM_A_FULL_25_1,D12_NAM_A_FULL,REAL,SOURCE_IMAGE_VERIFIED,"25/10/2024","25/10/2024","25/10/2024",true,true,0.0000,0.0000,false,DETERMINISTIC
bench_D12_NAM_A_FULL_25_2,D12_NAM_A_FULL,REAL,SOURCE_IMAGE_VERIFIED,"26/10/2024","26/10/2024","26/10/2024",true,true,0.0000,0.0000,false,DETERMINISTIC
bench_D12_NAM_A_FULL_25_3,D12_NAM_A_FULL,REAL,SOURCE_IMAGE_VERIFIED,"9192hv6243011321","9192hv6243011321","9192hv6243011321",true,true,0.0000,0.0000,false,DETERMINISTIC
bench_D12_NAM_A_FULL_25_4,D12_NAM_A_FULL,REAL,SOURCE_IMAGE_VERIFIED,"[CUSTOMER_NAME_REDACTED] 91902******0001","[CUSTOMER_NAME_REDACTED] 91902******0001","[CUSTOMER_NAME_REDACTED] 91902******0001",true,true,0.0000,0.0000,false,DETERMINISTIC
bench_D12_NAM_A_FULL_25_5,D12_NAM_A_FULL,REAL,CROSS_FIELD_VALIDATED,"","","",true,true,0.0000,0.0000,false,DETERMINISTIC
bench_D12_NAM_A_FULL_25_6,D12_NAM_A_FULL,REAL,SOURCE_IMAGE_VERIFIED,"211","211","211",true,true,0.0000,0.0000,false,DETERMINISTIC
bench_D12_NAM_A_FULL_25_7,D12_NAM_A_FULL,REAL,CROSS_FIELD_VALIDATED,"729,678","729,678","729,678",true,true,0.0000,0.0000,false,DETERMINISTIC
bench_D12_NAM_A_FULL_26_0,D12_NAM_A_FULL,REAL,CROSS_FIELD_VALIDATED,"54","54","54",true,true,0.0000,0.0000,false,DETERMINISTIC
bench_D12_NAM_A_FULL_26_1,D12_NAM_A_FULL,REAL,OCR_DERIVED,"27/10/2024","27/10/2024","27/10/2024",true,true,0.0000,0.0000,false,DETERMINISTIC
bench_D12_NAM_A_FULL_26_2,D12_NAM_A_FULL,REAL,OCR_DERIVED,"27/10/2024","27/10/2024","27/10/2024",true,true,0.0000,0.0000,false,DETERMINISTIC
bench_D12_NAM_A_FULL_26_3,D12_NAM_A_FULL,REAL,OCR_DERIVED,"9192hv6243011321","9192hv6243011321","9192hv6243011321",true,true,0.0000,0.0000,false,DETERMINISTIC
bench_D12_NAM_A_FULL_26_4,D12_NAM_A_FULL,REAL,OCR_DERIVED,"[CUSTOMER_NAME_REDACTED]","[CUSTOMER_NAME_REDACTED]","[CUSTOMER_NAME_REDACTED]",true,true,0.0000,0.0000,false,DETERMINISTIC
bench_D12_NAM_A_FULL_26_5,D12_NAM_A_FULL,REAL,OCR_DERIVED,"11,000","11,000","11,000",true,true,0.0000,0.0000,false,DETERMINISTIC
bench_D12_NAM_A_FULL_26_6,D12_NAM_A_FULL,REAL,CROSS_FIELD_VALIDATED,"","","",true,true,0.0000,0.0000,false,DETERMINISTIC
bench_D12_NAM_A_FULL_26_7,D12_NAM_A_FULL,REAL,CROSS_FIELD_VALIDATED,"718,678","718,678","718,678",true,true,0.0000,0.0000,false,DETERMINISTIC
bench_D12_NAM_A_FULL_27_0,D12_NAM_A_FULL,REAL,SOURCE_IMAGE_VERIFIED,"Cộng phát sinh trong kỳ/Total recorded amount","Cộng phát sinh trong kỳ/Total recorded amount","Cộng phát sinh trong kỳ/Total recorded amount",true,true,0.0000,0.0000,false,DETERMINISTIC
bench_D12_NAM_A_FULL_27_5,D12_NAM_A_FULL,REAL,SOURCE_IMAGE_VERIFIED,"76,234,879","76,234,879","76,234,879",true,true,0.0000,0.0000,false,DETERMINISTIC
bench_D12_NAM_A_FULL_27_6,D12_NAM_A_FULL,REAL,SOURCE_IMAGE_VERIFIED,"76,900,369","76,900,369","76,900,369",true,true,0.0000,0.0000,false,DETERMINISTIC
bench_D12_NAM_A_FULL_27_7,D12_NAM_A_FULL,REAL,CROSS_FIELD_VALIDATED,"","","",true,true,0.0000,0.0000,false,DETERMINISTIC
bench_D12_NAM_A_FULL_28_0,D12_NAM_A_FULL,REAL,SOURCE_IMAGE_VERIFIED,"Số dư cuối kỳ/Closing balance:","Số dư cuối kỳ/Closing balance:","Số dư cuối kỳ/Closing balance:",true,true,0.0000,0.0000,false,DETERMINISTIC
bench_D12_NAM_A_FULL_28_5,D12_NAM_A_FULL,REAL,CROSS_FIELD_VALIDATED,"","","",true,true,0.0000,0.0000,false,DETERMINISTIC
bench_D12_NAM_A_FULL_28_6,D12_NAM_A_FULL,REAL,SOURCE_IMAGE_VERIFIED,"718,678","718,678","718,678",true,true,0.0000,0.0000,false,DETERMINISTIC
bench_D12_NAM_A_FULL_28_7,D12_NAM_A_FULL,REAL,CROSS_FIELD_VALIDATED,"","","",true,true,0.0000,0.0000,false,DETERMINISTIC
bench_D01_NATIVE_0_0,D01_NATIVE,SYNTHETIC,SYNTHETIC,"Mã GD","Mã GD","Mã GD",true,true,0.0000,0.0000,false,DETERMINISTIC
bench_D01_NATIVE_0_1,D01_NATIVE,SYNTHETIC,SYNTHETIC,"Ngày GD","Ngày GD","Ngày GD",true,true,0.0000,0.0000,false,DETERMINISTIC
bench_D01_NATIVE_0_2,D01_NATIVE,SYNTHETIC,SYNTHETIC,"Nội dung","Nội dung","Nội dung",true,true,0.0000,0.0000,false,DETERMINISTIC
bench_D01_NATIVE_0_3,D01_NATIVE,SYNTHETIC,SYNTHETIC,"Số tiền (VND)","Số tiền (VND)","Số tiền (VND)",true,true,0.0000,0.0000,false,DETERMINISTIC
bench_D01_NATIVE_0_4,D01_NATIVE,SYNTHETIC,SYNTHETIC,"Trạng thái","Trạng thái","Trạng thái",true,true,0.0000,0.0000,false,DETERMINISTIC
bench_D01_NATIVE_1_0,D01_NATIVE,SYNTHETIC,SYNTHETIC,"TXN-001","TXN-001","TXN-001",true,true,0.0000,0.0000,false,DETERMINISTIC
bench_D01_NATIVE_1_1,D01_NATIVE,SYNTHETIC,SYNTHETIC,"15/01/2026","15/01/2026","15/01/2026",true,true,0.0000,0.0000,false,DETERMINISTIC
bench_D01_NATIVE_1_2,D01_NATIVE,SYNTHETIC,SYNTHETIC,"Thanh toan tien dien","Thanh toan tien dien","Thanh toan tien dien",true,true,0.0000,0.0000,false,DETERMINISTIC
bench_D01_NATIVE_1_3,D01_NATIVE,SYNTHETIC,SYNTHETIC,"1,500,000","1,500,000","1,500,000",true,true,0.0000,0.0000,false,DETERMINISTIC
bench_D01_NATIVE_1_4,D01_NATIVE,SYNTHETIC,SYNTHETIC,"THANH CONG","THANH CONG","THANH CONG",true,true,0.0000,0.0000,false,DETERMINISTIC
bench_D01_NATIVE_2_0,D01_NATIVE,SYNTHETIC,SYNTHETIC,"TXN-002","TXN-002","TXN-002",true,true,0.0000,0.0000,false,DETERMINISTIC
bench_D01_NATIVE_2_1,D01_NATIVE,SYNTHETIC,SYNTHETIC,"16/01/2026","16/01/2026","16/01/2026",true,true,0.0000,0.0000,false,DETERMINISTIC
bench_D01_NATIVE_2_2,D01_NATIVE,SYNTHETIC,SYNTHETIC,"Chuyen tien luong","Chuyen tien luong","Chuyen tien luong",true,true,0.0000,0.0000,false,DETERMINISTIC
bench_D01_NATIVE_2_3,D01_NATIVE,SYNTHETIC,SYNTHETIC,"25,000,000","25,000,000","25,000,000",true,true,0.0000,0.0000,false,DETERMINISTIC
bench_D01_NATIVE_2_4,D01_NATIVE,SYNTHETIC,SYNTHETIC,"THANH CONG","THANH CONG","THANH CONG",true,true,0.0000,0.0000,false,DETERMINISTIC
bench_D01_NATIVE_3_0,D01_NATIVE,SYNTHETIC,SYNTHETIC,"TXN-003","TXN-003","TXN-003",true,true,0.0000,0.0000,false,DETERMINISTIC
bench_D01_NATIVE_3_1,D01_NATIVE,SYNTHETIC,SYNTHETIC,"17/01/2026","17/01/2026","17/01/2026",true,true,0.0000,0.0000,false,DETERMINISTIC
bench_D01_NATIVE_3_2,D01_NATIVE,SYNTHETIC,SYNTHETIC,"Phi duy tri tai khoan","Phi duy tri tai khoan","Phi duy tri tai khoan",true,true,0.0000,0.0000,false,DETERMINISTIC
bench_D01_NATIVE_3_3,D01_NATIVE,SYNTHETIC,SYNTHETIC,"11,000","11,000","11,000",true,true,0.0000,0.0000,false,DETERMINISTIC
bench_D01_NATIVE_3_4,D01_NATIVE,SYNTHETIC,SYNTHETIC,"THANH CONG","THANH CONG","THANH CONG",true,true,0.0000,0.0000,false,DETERMINISTIC